danceability,energy,key,loudness,mode,speechiness,acousticness,instrumentalness,liveness,valence,tempo,duration_ms,class
0.3090,0.5270,0.0000,-9.7600,0.0000,0.0326,0.5170,0.9420,0.0924,0.4840,177.0650,301963.0000,0
0.7000,0.8860,11.0000,-4.9500,0.0000,0.3240,0.0084,0.0000,0.0904,0.5300,167.8630,253400.0000,0
0.6600,0.7000,9.0000,-7.8320,1.0000,0.0304,0.0612,0.0687,0.1160,0.2210,102.5140,280205.0000,0
0.6870,0.7780,1.0000,-6.6230,0.0000,0.1010,0.2090,0.0000,0.1170,0.8650,172.0470,240733.0000,0
0.7110,0.5170,11.0000,-7.6950,1.0000,0.0391,0.1540,0.0000,0.1490,0.2940,119.9450,204516.0000,0
0.8110,0.3830,1.0000,-9.6210,1.0000,0.1260,0.6030,0.0000,0.1730,0.4240,118.0270,202840.0000,0
0.7330,0.6760,3.0000,-5.2060,0.0000,0.0520,0.0141,0.4560,0.0563,0.6550,123.9690,412081.0000,0
0.7820,0.7510,11.0000,-7.8070,0.0000,0.0491,0.0791,0.0180,0.0769,0.7900,105.0400,300440.0000,0
0.6170,0.7230,7.0000,-2.3940,0.0000,0.0342,0.1490,0.0000,0.1330,0.2360,95.0000,266790.0000,0
0.4980,0.4700,0.0000,-14.0960,1.0000,0.0485,0.8770,0.8570,0.1440,0.0768,82.9770,160482.0000,0
0.6180,0.7110,1.0000,-5.0910,1.0000,0.2290,0.3460,0.0000,0.1160,0.3830,84.9840,107300.0000,0
0.7620,0.7270,11.0000,-6.3470,0.0000,0.0697,0.0221,0.0000,0.1750,0.4410,104.9990,209373.0000,0
0.6470,0.8760,8.0000,-5.0650,1.0000,0.0463,0.2830,0.0000,0.2350,0.7840,82.9870,218013.0000,0
0.5980,0.5260,10.0000,-8.6590,0.0000,0.0415,0.1290,0.0000,0.1400,0.5290,123.9350,168387.0000,0
0.7100,0.5830,1.0000,-6.9190,0.0000,0.1070,0.0286,0.0000,0.3660,0.3190,95.1090,245000.0000,0
0.7460,0.9970,2.0000,-1.6310,1.0000,0.1690,0.0006,0.1590,0.1700,0.2700,127.9910,228765.0000,0
0.6720,0.8150,1.0000,-6.4760,0.0000,0.0981,0.0025,0.0000,0.5770,0.3410,115.0330,226093.0000,0
0.4890,0.8180,9.0000,-2.4520,1.0000,0.0911,0.8800,0.0110,0.2630,0.1740,93.5260,213137.0000,0
0.4570,0.6490,1.0000,-15.6020,1.0000,0.0628,0.0005,0.0031,0.1450,0.5210,208.0570,279373.0000,0
0.6940,0.5460,4.0000,-6.5680,0.0000,0.0637,0.0962,0.0000,0.1030,0.2440,104.9780,214857.0000,0
0.9620,0.6290,9.0000,-8.2550,0.0000,0.2150,0.0976,0.0025,0.0655,0.9070,124.9020,169802.0000,0
0.5790,0.3670,1.0000,-11.8880,0.0000,0.0364,0.0859,0.0000,0.2580,0.4740,76.3330,162200.0000,0
0.7510,0.5770,4.0000,-5.0730,0.0000,0.0677,0.0060,0.0028,0.0840,0.1870,128.0010,390479.0000,0
0.6620,0.7630,0.0000,-7.4750,1.0000,0.0397,0.1320,0.0013,0.0670,0.6990,126.3330,254400.0000,0
0.6060,0.9030,11.0000,-4.8690,1.0000,0.0371,0.0003,0.9010,0.1670,0.2280,127.0580,143842.0000,0
0.6600,0.9780,5.0000,-3.2010,0.0000,0.0690,0.0013,0.0381,0.0638,0.0571,130.0620,240000.0000,0
0.5550,0.7120,2.0000,-7.4240,0.0000,0.0357,0.0578,0.0045,0.1280,0.2880,150.0120,205800.0000,0
0.4780,0.7290,6.0000,-8.5380,1.0000,0.7320,0.0714,0.0000,0.1010,0.5320,85.1510,188464.0000,0
0.3360,0.3390,5.0000,-14.2660,1.0000,0.0332,0.8830,0.0000,0.1130,0.2070,179.7500,255920.0000,0
0.6130,0.8920,10.0000,-5.6010,1.0000,0.0324,0.0014,0.0003,0.1050,0.5370,128.9900,273522.0000,0
0.7060,0.7460,8.0000,-2.9020,1.0000,0.0370,0.5840,0.0923,0.1680,0.9130,86.1140,343040.0000,0
0.6860,0.9450,6.0000,-6.5310,0.0000,0.0371,0.4970,0.0001,0.0808,0.8070,110.3890,236893.0000,0
0.6600,0.7150,5.0000,-5.2180,0.0000,0.1400,0.2840,0.0000,0.0563,0.6680,95.0120,234227.0000,0
0.6690,0.7860,9.0000,-7.2930,1.0000,0.0381,0.2070,0.0000,0.2020,0.9610,105.3580,234533.0000,0
0.5160,0.6800,0.0000,-10.4460,1.0000,0.0482,0.0002,0.8950,0.0636,0.0378,100.0430,169170.0000,0
0.8040,0.9610,2.0000,-5.1880,1.0000,0.1830,0.0998,0.0000,0.2280,0.6410,117.1780,299000.0000,0
0.6110,0.7800,5.0000,-3.3510,0.0000,0.0369,0.0205,0.0000,0.3190,0.5870,127.9890,202504.0000,0
0.7140,0.8990,4.0000,-7.0830,0.0000,0.0578,0.0064,0.8250,0.1100,0.4890,124.0090,205154.0000,0
0.7880,0.5220,6.0000,-13.3460,1.0000,0.4470,0.1000,0.0000,0.4790,0.8010,82.9220,268933.0000,0
0.6480,0.7080,0.0000,-2.2430,0.0000,0.0447,0.0167,0.0167,0.2150,0.1530,128.0480,180000.0000,0
0.7880,0.8060,0.0000,-6.0740,1.0000,0.1160,0.0051,0.9200,0.3090,0.3740,122.9660,166853.0000,0
0.8830,0.5630,1.0000,-11.5180,1.0000,0.2530,0.0518,0.0100,0.0961,0.7430,86.9070,270293.0000,0
0.4250,0.9730,0.0000,-4.2290,1.0000,0.1190,0.0024,0.1360,0.2650,0.4330,179.9580,258280.0000,0
0.4600,0.4980,1.0000,-8.8350,1.0000,0.0277,0.1270,0.0295,0.1860,0.4030,144.1490,284333.0000,0
0.4640,0.7180,6.0000,-9.6930,1.0000,0.0328,0.0040,0.0040,0.1700,0.4760,120.6690,354027.0000,0
0.6160,0.9700,0.0000,-4.5770,0.0000,0.0596,0.0029,0.2140,0.1110,0.4910,127.0750,171496.0000,0
0.6530,0.8980,6.0000,-2.9460,0.0000,0.0597,0.0330,0.0000,0.0483,0.9630,144.9730,208227.0000,0
0.6870,0.9020,11.0000,-4.6120,1.0000,0.2470,0.0157,0.0069,0.6980,0.4770,126.9750,247564.0000,0
0.5020,0.9380,2.0000,-5.9600,1.0000,0.0442,0.0031,0.6160,0.2490,0.4120,133.0050,307013.0000,0
0.7400,0.4760,9.0000,-6.1120,1.0000,0.0344,0.0450,0.0000,0.0494,0.5110,100.0900,230120.0000,0
0.5040,0.9630,10.0000,-2.7700,0.0000,0.0828,0.0004,0.0001,0.1020,0.5540,94.9990,178105.0000,0
0.6270,0.8930,11.0000,-10.8270,0.0000,0.0592,0.0022,0.0095,0.1540,0.9080,125.2110,262200.0000,0
0.6990,0.7270,2.0000,-7.8580,1.0000,0.0342,0.0040,0.3250,0.0509,0.6810,121.9650,241967.0000,0
0.4530,0.7240,8.0000,-4.8660,1.0000,0.0471,0.2980,0.0000,0.2520,0.0776,128.0020,193125.0000,0
0.6400,0.7580,10.0000,-5.2040,1.0000,0.1600,0.6650,0.0000,0.1270,0.9320,86.5290,218044.0000,0
0.5620,0.7920,2.0000,-3.6790,0.0000,0.0399,0.5820,0.0000,0.2170,0.4940,101.5190,271773.0000,0
0.7460,0.8160,10.0000,-6.9660,0.0000,0.0431,0.0056,0.0330,0.0777,0.6340,110.0740,321773.0000,0
0.3540,0.8730,7.0000,-6.0160,0.0000,0.0588,0.0011,0.0000,0.2070,0.3500,129.1390,222613.0000,0
0.8080,0.9650,10.0000,-3.6790,0.0000,0.0317,0.0028,0.0000,0.5360,0.9740,120.0120,228000.0000,0
0.4660,0.9260,6.0000,-3.4320,0.0000,0.0720,0.0001,0.0006,0.0731,0.5600,145.0550,219253.0000,0
0.4640,0.5860,11.0000,-8.4530,0.0000,0.0291,0.1780,0.0078,0.1400,0.2370,89.8750,358720.0000,0
0.1990,0.3470,4.0000,-8.7390,1.0000,0.0294,0.1270,0.0000,0.1230,0.1940,175.1750,236400.0000,0
0.6450,0.8720,1.0000,-4.8940,1.0000,0.0871,0.2900,0.0000,0.1410,0.5940,105.3990,204733.0000,0
0.5670,0.8250,8.0000,-5.3240,0.0000,0.0829,0.2110,0.0000,0.3420,0.1020,128.0270,232520.0000,0
0.8370,0.7250,0.0000,-7.6520,1.0000,0.0495,0.0186,0.2600,0.4510,0.0392,120.0100,246000.0000,0
0.7940,0.8270,8.0000,-5.2490,1.0000,0.1170,0.0878,0.0002,0.1090,0.3310,111.9720,164046.0000,0
0.5670,0.3650,8.0000,-11.2350,1.0000,0.0346,0.5270,0.0000,0.2560,0.2850,115.8810,237293.0000,0
0.6970,0.2510,1.0000,-13.6280,0.0000,0.0390,0.5720,0.0039,0.1220,0.5550,72.9500,187242.0000,0
0.5630,0.6800,0.0000,-5.9530,1.0000,0.3900,0.2360,0.0000,0.1220,0.0396,180.2180,110000.0000,0
0.7300,0.6230,9.0000,-6.5000,0.0000,0.0876,0.5940,0.0001,0.1500,0.8730,96.0670,209867.0000,0
0.7660,0.8100,0.0000,-8.8320,1.0000,0.0355,0.1250,0.0004,0.2010,0.7930,129.6530,196125.0000,0
0.5160,0.9660,2.0000,-5.1460,1.0000,0.0426,0.0002,0.0033,0.3060,0.3250,140.0220,252160.0000,0
0.7460,0.8280,6.0000,-12.3690,0.0000,0.0643,0.0010,0.8880,0.1050,0.4420,127.0260,157795.0000,0
0.6110,0.2310,7.0000,-9.4800,1.0000,0.0377,0.7940,0.0000,0.9380,0.1650,99.5670,220200.0000,0
0.6210,0.8140,7.0000,-5.2260,1.0000,0.2750,0.0011,0.0011,0.3690,0.6170,127.9700,290826.0000,0
0.5440,0.5160,0.0000,-6.3630,1.0000,0.0348,0.3430,0.0000,0.1980,0.3250,94.8700,214587.0000,0
0.8210,0.5800,4.0000,-10.2430,0.0000,0.0708,0.0805,0.0021,0.1520,0.3460,120.0120,231493.0000,0
0.7250,0.5580,0.0000,-8.5570,1.0000,0.1250,0.3180,0.0000,0.0976,0.8800,96.9690,144947.0000,0
0.6520,0.7540,9.0000,-4.9290,0.0000,0.2080,0.0062,0.0000,0.1200,0.4290,90.1200,285307.0000,0
0.7220,0.7870,11.0000,-7.3430,1.0000,0.0980,0.2700,0.0006,0.1200,0.9670,125.3210,253500.0000,0
0.3680,0.7880,2.0000,-7.4260,1.0000,0.0838,0.3520,0.0000,0.2360,0.7680,91.8820,232920.0000,0
0.8130,0.7630,11.0000,-1.1990,0.0000,0.2810,0.2810,0.0000,0.1070,0.3620,130.0740,225253.0000,0
0.6780,0.9150,2.0000,-4.3400,1.0000,0.0309,0.0012,0.2920,0.0823,0.1190,124.9620,184368.0000,0
0.6760,0.5510,7.0000,-8.0040,0.0000,0.0629,0.4760,0.0000,0.1490,0.5650,91.0390,166700.0000,0
0.6850,0.3860,0.0000,-10.8540,1.0000,0.0325,0.1320,0.0001,0.0900,0.1180,124.9620,165717.0000,0
0.5800,0.7250,3.0000,-5.2780,1.0000,0.0530,0.0261,0.0000,0.3070,0.3680,90.0540,227872.0000,0
0.7830,0.4640,10.0000,-8.1220,0.0000,0.2930,0.0187,0.2100,0.0699,0.2610,128.1380,243413.0000,0
0.7190,0.8290,10.0000,-9.1280,0.0000,0.1190,0.0117,0.0000,0.1440,0.7060,93.9220,258240.0000,0
0.5870,0.9680,11.0000,-3.8610,0.0000,0.0485,0.0021,0.0812,0.3310,0.3160,126.0560,177143.0000,0
0.5240,0.8640,11.0000,-5.2810,0.0000,0.3930,0.0082,0.0013,0.2150,0.6550,124.9880,275705.0000,0
0.6950,0.8410,5.0000,-6.3560,0.0000,0.1920,0.3060,0.0000,0.4240,0.5310,110.7750,124903.0000,0
0.7000,0.7680,5.0000,-8.7850,0.0000,0.3840,0.1860,0.0003,0.1390,0.5120,94.8400,176740.0000,0
0.7980,0.6750,6.0000,-5.0410,1.0000,0.0442,0.0912,0.0000,0.0894,0.8420,101.9560,219947.0000,0
0.7620,0.8680,7.0000,-8.0630,1.0000,0.0786,0.0004,0.9250,0.0803,0.0395,126.0080,462000.0000,0
0.7600,0.9010,11.0000,-4.9720,0.0000,0.3190,0.0553,0.0000,0.3000,0.7330,159.9740,312139.0000,0
0.8250,0.5850,5.0000,-11.8420,0.0000,0.0595,0.0140,0.9460,0.0731,0.5040,126.0140,473856.0000,0
0.8330,0.8070,8.0000,-4.1870,1.0000,0.0552,0.0072,0.0644,0.1190,0.9260,115.9540,137183.0000,0
0.5950,0.6230,9.0000,-5.3060,1.0000,0.0522,0.6290,0.0000,0.1390,0.3020,144.0730,448120.0000,0
0.2810,0.6540,9.0000,-7.7650,0.0000,0.0359,0.2680,0.0005,0.0631,0.5490,172.0090,206613.0000,0
0.8020,0.7850,9.0000,-4.7810,1.0000,0.2070,0.1400,0.0000,0.1230,0.4350,99.9980,206400.0000,0
0.5390,0.5970,7.0000,-9.5810,1.0000,0.0258,0.0108,0.0055,0.1340,0.2510,139.4440,387133.0000,0
0.6540,0.5700,10.0000,-5.7700,0.0000,0.1090,0.0086,0.0084,0.2650,0.8050,94.5510,86686.0000,0
0.6970,0.9030,7.0000,-7.1510,1.0000,0.2720,0.1680,0.0000,0.3800,0.5610,102.7330,290160.0000,0
0.6520,0.8550,2.0000,-4.8320,1.0000,0.0441,0.0018,0.0000,0.0404,0.2790,134.0090,181673.0000,0
0.8460,0.6680,9.0000,-5.8790,0.0000,0.0427,0.0064,0.5010,0.1280,0.5760,121.0060,174573.0000,0
0.4710,0.9410,0.0000,-4.2460,1.0000,0.1230,0.0002,0.0000,0.1030,0.4870,76.4870,222669.0000,0
0.6760,0.5020,2.0000,-15.4270,1.0000,0.0271,0.0834,0.0000,0.0676,0.9640,89.8160,141400.0000,0
0.7070,0.4270,2.0000,-8.6840,0.0000,0.0936,0.0007,0.0013,0.1110,0.7190,80.0350,196693.0000,0
0.8210,0.6810,5.0000,-9.2870,1.0000,0.2580,0.0015,0.8330,0.0809,0.0620,125.9970,371891.0000,0
0.6630,0.9050,1.0000,-3.7810,0.0000,0.0511,0.0325,0.0000,0.3330,0.3970,125.9960,175000.0000,0
0.6210,0.9250,2.0000,-2.9330,1.0000,0.0434,0.0238,0.0002,0.3130,0.0387,127.9950,187739.0000,0
0.4950,0.7790,7.0000,-6.6780,1.0000,0.0706,0.0457,0.0002,0.0813,0.5450,139.0760,201413.0000,0
0.7670,0.5510,0.0000,-7.3280,1.0000,0.0616,0.0036,0.0000,0.0451,0.7960,100.9040,275707.0000,0
0.6180,0.9700,5.0000,-1.9280,0.0000,0.0870,0.0062,0.0004,0.0547,0.6840,100.0390,162640.0000,0
0.7860,0.8720,9.0000,-4.6700,0.0000,0.1880,0.0378,0.0000,0.0267,0.6760,118.0300,262667.0000,0
0.6170,0.6720,8.0000,-3.6240,1.0000,0.0785,0.0152,0.0001,0.6640,0.1460,149.1810,198121.0000,0
0.3830,0.6900,10.0000,-5.2990,0.0000,0.4520,0.0259,0.0000,0.4220,0.2420,70.9290,372707.0000,0
0.5470,0.7470,8.0000,-5.5500,1.0000,0.0376,0.1380,0.0139,0.4390,0.2190,127.9610,237156.0000,0
0.6800,0.8040,7.0000,-5.0760,1.0000,0.0288,0.1550,0.0033,0.2750,0.6230,130.0730,211233.0000,0
0.6980,0.8620,2.0000,-5.1970,0.0000,0.0615,0.0052,0.0040,0.2740,0.2560,125.0260,170451.0000,0
0.8340,0.4880,3.0000,-7.8800,1.0000,0.0446,0.7530,0.1240,0.0967,0.3320,115.9880,259712.0000,0
0.8360,0.7090,11.0000,-9.1350,0.0000,0.0352,0.1540,0.3920,0.0894,0.9690,145.9520,359213.0000,0
0.6570,0.7710,4.0000,-5.4470,0.0000,0.0445,0.1050,0.0000,0.2110,0.3750,105.0190,213411.0000,0
0.7750,0.6210,1.0000,-7.6340,1.0000,0.2950,0.3320,0.0000,0.1220,0.1500,118.8430,252040.0000,0
0.6630,0.6030,7.0000,-6.7230,1.0000,0.1360,0.3490,0.0000,0.0969,0.6400,90.0360,177337.0000,0
0.6010,0.4220,10.0000,-13.3640,0.0000,0.5180,0.2100,0.0000,0.0839,0.5630,132.4560,226987.0000,0
0.7230,0.7420,11.0000,-8.3710,0.0000,0.1030,0.0640,0.5670,0.3730,0.2730,122.0420,183307.0000,0
0.4780,0.5610,5.0000,-11.3070,0.0000,0.2640,0.0004,0.0002,0.2770,0.2580,82.3370,165787.0000,0
0.5510,0.2920,0.0000,-15.4940,1.0000,0.0383,0.0802,0.0000,0.0811,0.5820,78.1580,196067.0000,0
0.5200,0.7090,5.0000,-5.1940,1.0000,0.1090,0.0156,0.0000,0.1030,0.3290,79.0330,241387.0000,0
0.7130,0.9090,3.0000,-4.2740,1.0000,0.0306,0.0030,0.0007,0.6990,0.4380,132.0220,187273.0000,0
0.5930,0.9370,9.0000,-4.3560,0.0000,0.0722,0.0006,0.8650,0.0789,0.1220,128.0340,213658.0000,0
0.2370,0.6980,2.0000,-7.6980,1.0000,0.0465,0.0007,0.1990,0.1160,0.7940,186.0930,307360.0000,0
0.4790,0.5580,7.0000,-10.5170,1.0000,0.0869,0.8440,0.1800,0.0958,0.5670,126.0650,222907.0000,0
0.6780,0.8170,8.0000,-7.0050,1.0000,0.0675,0.0341,0.0000,0.3440,0.7700,114.9870,252040.0000,0
0.6870,0.5350,10.0000,-10.4890,0.0000,0.1310,0.5810,0.1010,0.3450,0.5160,94.9260,296694.0000,0
0.7920,0.7330,11.0000,-5.7100,0.0000,0.3890,0.0068,0.0000,0.2900,0.6530,144.8570,262787.0000,0
0.7090,0.4980,5.0000,-7.3000,0.0000,0.0803,0.3080,0.0000,0.0967,0.1240,99.9650,178859.0000,0
0.8600,0.6580,1.0000,-7.8200,1.0000,0.0796,0.2510,0.0000,0.1110,0.7390,91.0210,184817.0000,0
0.7910,0.6390,8.0000,-9.9950,0.0000,0.4560,0.4210,0.0000,0.1380,0.5100,87.9800,181394.0000,0
0.6230,0.8530,4.0000,-5.3560,1.0000,0.0472,0.1410,0.0000,0.1430,0.7830,106.0990,196600.0000,0
0.4330,0.8380,2.0000,-4.3690,0.0000,0.0363,0.0028,0.0019,0.1360,0.3790,128.0640,166240.0000,0
0.8570,0.8550,10.0000,-4.0910,1.0000,0.2240,0.0522,0.0000,0.2010,0.5570,115.0380,165749.0000,0
0.6530,0.7560,0.0000,-7.7940,1.0000,0.0366,0.0036,0.0065,0.0890,0.4200,120.8200,285596.0000,0
0.7610,0.8280,10.0000,-6.1720,0.0000,0.0291,0.0175,0.0003,0.1240,0.5500,124.0350,188710.0000,0
0.8850,0.6970,3.0000,-5.3710,1.0000,0.2010,0.0927,0.0002,0.0595,0.6340,150.4980,306653.0000,0
0.4940,0.8920,7.0000,-4.1390,1.0000,0.0942,0.0318,0.0000,0.0816,0.3690,127.8980,212963.0000,0
0.7100,0.7630,0.0000,-6.6930,1.0000,0.0279,0.4020,0.0001,0.0581,0.5080,115.5790,203547.0000,0
0.7610,0.4960,2.0000,-8.6570,1.0000,0.1310,0.0047,0.0000,0.2450,0.3840,93.7620,284507.0000,0
0.4470,0.7820,4.0000,-6.4730,0.0000,0.1690,0.0191,0.2450,0.4710,0.0364,130.1210,172091.0000,0
0.7150,0.5760,0.0000,-6.6520,1.0000,0.1280,0.0863,0.0000,0.0822,0.5760,128.9620,214508.0000,0
0.6310,0.8490,9.0000,-10.2950,0.0000,0.0352,0.0179,0.0036,0.1580,0.5770,128.1000,243933.0000,0
0.9500,0.8030,6.0000,-9.4070,1.0000,0.1040,0.0077,0.4120,0.5790,0.9320,124.0040,246290.0000,0
0.5110,0.8510,7.0000,-7.6730,1.0000,0.4600,0.1140,0.0000,0.3330,0.3650,174.5880,318467.0000,0
0.5180,0.7530,5.0000,-3.4110,0.0000,0.0655,0.0302,0.0000,0.3010,0.5580,81.2390,227640.0000,0
0.6390,0.8690,10.0000,-3.4810,1.0000,0.0239,0.1280,0.0000,0.1690,0.2970,104.9940,200857.0000,0
0.6910,0.8410,10.0000,-4.8320,0.0000,0.0633,0.0275,0.0003,0.2320,0.4030,100.0450,183200.0000,0
0.4980,0.2460,9.0000,-13.4100,1.0000,0.0342,0.7270,0.0004,0.0781,0.1520,151.2550,176880.0000,0
0.8870,0.6310,7.0000,-8.1240,1.0000,0.1720,0.1020,0.0001,0.1070,0.4820,95.0320,166707.0000,0
0.3210,0.9440,7.0000,-5.5750,1.0000,0.0666,0.0275,0.0007,0.3410,0.3980,172.9720,223360.0000,0
0.8040,0.6540,10.0000,-3.9700,0.0000,0.0411,0.1030,0.0004,0.0759,0.8540,103.0100,242427.0000,0
0.5740,0.9400,0.0000,-4.5080,1.0000,0.0495,0.0032,0.6230,0.1500,0.2210,126.0150,254286.0000,0
0.7510,0.7290,0.0000,-5.9160,1.0000,0.0324,0.3470,0.0000,0.5110,0.6840,110.3300,211293.0000,0
0.7840,0.3240,4.0000,-9.0010,1.0000,0.0356,0.8850,0.0000,0.1010,0.6500,103.0270,163607.0000,0
0.9270,0.4950,4.0000,-8.7780,0.0000,0.3040,0.0689,0.0001,0.0826,0.6180,96.3720,236467.0000,0
0.9240,0.6150,5.0000,-8.2990,0.0000,0.2560,0.1460,0.0000,0.1630,0.8790,91.9700,188493.0000,0
0.4230,0.7760,11.0000,-6.4850,1.0000,0.0452,0.0008,0.0000,0.0911,0.5690,109.9910,226905.0000,0
0.5860,0.4880,6.0000,-9.1550,1.0000,0.4020,0.0125,0.0000,0.0404,0.5940,87.0280,255267.0000,0
0.7220,0.9610,9.0000,-4.8120,1.0000,0.0514,0.0883,0.6100,0.2780,0.9100,126.1130,229165.0000,0
0.6400,0.6970,6.0000,-9.7850,0.0000,0.3520,0.0780,0.0000,0.2970,0.7230,177.6100,319907.0000,0
0.4600,0.9490,10.0000,-4.7010,1.0000,0.0781,0.0022,0.0935,0.2110,0.5000,142.9800,196400.0000,0
0.4160,0.7350,8.0000,-5.3910,1.0000,0.4030,0.1070,0.0000,0.5730,0.6970,108.1590,195827.0000,0
0.8410,0.5770,10.0000,-7.5250,0.0000,0.4100,0.1010,0.0000,0.0659,0.6400,89.3890,234000.0000,0
0.6240,0.8630,5.0000,-7.9810,0.0000,0.0633,0.0060,0.7810,0.3780,0.1880,144.9680,149905.0000,0
0.5130,0.5640,5.0000,-9.0830,1.0000,0.0265,0.7480,0.0000,0.1150,0.1400,74.9830,220800.0000,0
0.6800,0.8050,0.0000,-4.9170,1.0000,0.0449,0.0141,0.0000,0.1440,0.1850,102.0010,199560.0000,0
0.6710,0.7100,9.0000,-6.9970,0.0000,0.1090,0.3350,0.0000,0.0740,0.2330,102.0220,199179.0000,0
0.6400,0.8940,11.0000,-5.1170,1.0000,0.0982,0.2060,0.0000,0.1410,0.3630,123.0180,224878.0000,0
0.5540,0.9940,11.0000,-1.5540,0.0000,0.1650,0.0027,0.0000,0.1370,0.2210,100.0210,237558.0000,0
0.5220,0.7580,2.0000,-4.9270,1.0000,0.0352,0.0015,0.0000,0.1730,0.1710,145.1480,239440.0000,0
0.8160,0.8060,2.0000,-3.0230,0.0000,0.0563,0.0347,0.0001,0.2550,0.8220,79.9870,232550.0000,0
0.7660,0.8690,2.0000,-2.2690,0.0000,0.1610,0.4640,0.0000,0.0605,0.6110,94.0770,207640.0000,0
0.3250,0.6910,0.0000,-9.4340,1.0000,0.0438,0.1700,0.4440,0.0681,0.3590,170.0550,299445.0000,0
0.4070,0.7650,9.0000,-6.1040,1.0000,0.0313,0.3850,0.0027,0.0693,0.6890,121.0870,291947.0000,0
0.5260,0.4890,5.0000,-6.8690,0.0000,0.0321,0.5480,0.0000,0.1320,0.3500,136.8070,224027.0000,0
0.3100,0.9540,11.0000,-4.5600,0.0000,0.2880,0.0071,0.0001,0.2370,0.4210,143.7360,203347.0000,0
0.5850,0.9970,11.0000,-3.8050,0.0000,0.1040,0.0019,0.8970,0.0350,0.1820,128.0110,335275.0000,0
0.7260,0.7840,1.0000,-6.0530,1.0000,0.2390,0.0607,0.0000,0.1120,0.6510,192.0680,171147.0000,0
0.4570,0.8610,0.0000,-4.9160,1.0000,0.0612,0.0824,0.0006,0.3000,0.2310,87.9710,309360.0000,0
0.8330,0.4680,6.0000,-10.5460,0.0000,0.2620,0.4210,0.0051,0.1390,0.2340,101.8960,189760.0000,0
0.7640,0.7640,9.0000,-6.5990,0.0000,0.4080,0.6280,0.0000,0.0919,0.2230,86.9780,137968.0000,0
0.6610,0.8150,1.0000,-5.4070,0.0000,0.0497,0.1060,0.0000,0.0863,0.7020,141.9970,224453.0000,0
0.5890,0.5310,0.0000,-7.9610,1.0000,0.0290,0.1330,0.0012,0.2080,0.3270,75.0150,148188.0000,0
0.7350,0.6520,3.0000,-8.2150,0.0000,0.0490,0.0239,0.0881,0.0693,0.2200,118.0260,230860.0000,0
0.5030,0.8180,1.0000,-6.2400,0.0000,0.0578,0.0057,0.0000,0.2270,0.3100,146.0600,204639.0000,0
0.7920,0.5060,7.0000,-9.2560,0.0000,0.0986,0.3780,0.0000,0.1190,0.1550,120.1550,144010.0000,0
0.5840,0.9170,6.0000,-4.3260,0.0000,0.4900,0.1520,0.0000,0.4420,0.6520,149.7040,231320.0000,0
0.4140,0.7020,7.0000,-3.3150,1.0000,0.0909,0.0072,0.0000,0.1620,0.3380,96.9890,209483.0000,0
0.8050,0.7900,7.0000,-13.1350,1.0000,0.0850,0.0006,0.8980,0.1140,0.2600,123.9950,442136.0000,0
0.3940,0.6440,5.0000,-10.9960,1.0000,0.0367,0.2440,0.1980,0.3280,0.1820,117.1520,301560.0000,0
0.7300,0.8280,4.0000,-2.9930,0.0000,0.2170,0.0629,0.0000,0.2350,0.6770,82.0920,202667.0000,0
0.8870,0.7960,6.0000,-5.3920,0.0000,0.0456,0.0227,0.0438,0.0649,0.9370,111.5890,250390.0000,0
0.5360,0.6730,10.0000,-5.4570,0.0000,0.1840,0.0887,0.0124,0.4270,0.6970,185.9220,163940.0000,0
0.6320,0.9210,7.0000,-4.9820,1.0000,0.0822,0.0033,0.3870,0.8680,0.3420,128.0280,273840.0000,0
0.5570,0.9580,2.0000,-4.6300,1.0000,0.0679,0.0011,0.0063,0.0688,0.4010,133.0220,235493.0000,0
0.8010,0.9930,1.0000,-4.2300,1.0000,0.0648,0.0033,0.8290,0.0338,0.8050,128.0090,322573.0000,0
0.2350,0.4810,2.0000,-8.2120,1.0000,0.0583,0.0299,0.0000,0.0539,0.0949,74.9950,250748.0000,0
0.6520,0.6040,9.0000,-8.7660,0.0000,0.2270,0.1110,0.0000,0.0409,0.6750,170.0030,249960.0000,0
0.5730,0.6790,10.0000,-5.1230,1.0000,0.0276,0.1190,0.0000,0.0902,0.4970,139.9480,229640.0000,0
0.9070,0.5910,1.0000,-7.5070,0.0000,0.1050,0.0004,0.0000,0.0897,0.4180,149.9920,177604.0000,0
0.8740,0.6470,0.0000,-6.9900,1.0000,0.0964,0.0012,0.6300,0.6020,0.7130,124.0260,352259.0000,0
0.7720,0.9170,9.0000,-4.6510,1.0000,0.0583,0.3420,0.0000,0.1750,0.7000,102.0040,239213.0000,0
0.7410,0.5230,0.0000,-10.8540,1.0000,0.0864,0.8380,0.9080,0.1720,0.7390,89.9680,170785.0000,0
0.4190,0.9090,0.0000,-10.2580,1.0000,0.0639,0.0024,0.0000,0.2400,0.4940,142.2170,228867.0000,0
0.7160,0.9810,0.0000,-3.6120,0.0000,0.0310,0.0317,0.0074,0.1710,0.8610,139.0470,215053.0000,0
0.6090,0.5510,6.0000,-7.9300,1.0000,0.0291,0.0233,0.0000,0.2340,0.5120,127.9560,256040.0000,0
0.5380,0.5340,1.0000,-15.2740,0.0000,0.0370,0.0307,0.0000,0.5900,0.5830,140.9850,227640.0000,0
0.8020,0.5350,9.0000,-11.6420,0.0000,0.0629,0.0071,0.8890,0.0925,0.4810,124.5070,451180.0000,0
0.4790,0.5450,7.0000,-7.3460,1.0000,0.0688,0.3650,0.0000,0.0963,0.2440,74.8970,252733.0000,0
0.3410,0.4230,2.0000,-10.8860,0.0000,0.0297,0.4080,0.8820,0.1170,0.5370,113.3770,325293.0000,0
0.5960,0.8150,7.0000,-8.0890,1.0000,0.0332,0.0042,0.8950,0.0980,0.0476,119.9910,336000.0000,0
0.6110,0.8470,8.0000,-3.0570,1.0000,0.0880,0.0019,0.0055,0.1980,0.6370,103.9630,130987.0000,0
0.4830,0.7600,2.0000,-9.7580,0.0000,0.0563,0.2240,0.6250,0.0929,0.1540,148.0750,278200.0000,0
0.5990,0.8610,11.0000,-4.7830,0.0000,0.2650,0.0128,0.0000,0.1130,0.6130,92.8660,228747.0000,0
0.7820,0.6040,5.0000,-11.3160,0.0000,0.0478,0.0180,0.0538,0.0751,0.7600,130.4210,284720.0000,0
0.4980,0.1040,1.0000,-14.0800,0.0000,0.0621,0.9790,0.0001,0.0895,0.2050,124.0010,199931.0000,0
0.7820,0.4390,2.0000,-14.4500,1.0000,0.1650,0.0208,0.0143,0.0888,0.4290,123.9690,220891.0000,0
0.7480,0.9520,5.0000,-4.6780,0.0000,0.0604,0.0065,0.8060,0.1220,0.5790,127.9880,138750.0000,0
0.4040,0.5150,5.0000,-11.9150,1.0000,0.0390,0.0978,0.0000,0.4890,0.4970,121.1760,122413.0000,0
0.4160,0.8490,1.0000,-4.9090,0.0000,0.0455,0.0086,0.0001,0.2040,0.1470,125.0980,205440.0000,0
0.6760,0.9170,11.0000,-6.0820,0.0000,0.0369,0.0575,0.0076,0.1120,0.7200,97.0110,252867.0000,0
0.6120,0.9870,6.0000,-3.0290,0.0000,0.1280,0.0009,0.8730,0.8240,0.4120,160.0570,199714.0000,0
0.7770,0.7450,4.0000,-12.7930,0.0000,0.0396,0.2360,0.0412,0.2320,0.8610,124.9610,237267.0000,0
0.4220,0.8870,11.0000,-6.0950,0.0000,0.0652,0.0366,0.1540,0.1350,0.4090,133.6400,375453.0000,0
0.6790,0.7250,1.0000,-10.4000,1.0000,0.3800,0.0343,0.0034,0.5830,0.7320,120.0110,259495.0000,0
0.6690,0.5190,11.0000,-9.9320,0.0000,0.2780,0.0714,0.0000,0.1080,0.8250,159.8770,342200.0000,0
0.7000,0.7540,1.0000,-6.2920,1.0000,0.0282,0.0555,0.0007,0.0735,0.6900,127.0320,255733.0000,0
0.5340,0.8580,9.0000,-8.1710,0.0000,0.0348,0.0006,0.0051,0.2170,0.0568,128.0100,213999.0000,0
0.2310,0.8880,2.0000,-3.4140,1.0000,0.0511,0.0008,0.0003,0.4140,0.3680,90.7140,243823.0000,0
0.8090,0.9180,11.0000,-10.1580,1.0000,0.0709,0.0038,0.8640,0.0678,0.2470,127.0200,348664.0000,0
0.7110,0.8260,0.0000,-3.3710,1.0000,0.1230,0.2970,0.0000,0.2720,0.6490,87.0230,246107.0000,0
0.7570,0.8920,0.0000,-7.7180,1.0000,0.0602,0.0401,0.8370,0.2650,0.1430,124.0060,219658.0000,0
0.6100,0.8060,9.0000,-2.9900,0.0000,0.0574,0.0775,0.0000,0.4200,0.5220,125.9990,225714.0000,0
0.7330,0.4630,5.0000,-7.2690,1.0000,0.0301,0.4380,0.0000,0.1900,0.6530,98.9990,161280.0000,0
0.5880,0.7240,4.0000,-4.3790,1.0000,0.0315,0.0348,0.0001,0.2390,0.3770,107.9860,236787.0000,0
0.6250,0.8870,9.0000,-6.2010,0.0000,0.0724,0.4520,0.0010,0.2780,0.3570,125.0060,266213.0000,0
0.7800,0.4730,4.0000,-7.2650,0.0000,0.0291,0.5750,0.0000,0.0498,0.5980,82.2100,325560.0000,0
0.6090,0.9370,6.0000,-2.9120,1.0000,0.0495,0.0032,0.0003,0.1290,0.4930,95.9610,252933.0000,0
0.7340,0.9310,1.0000,-3.6940,1.0000,0.0681,0.0049,0.1830,0.5060,0.3310,125.9670,126726.0000,0
0.6330,0.4440,3.0000,-9.8170,1.0000,0.0297,0.4150,0.0110,0.1320,0.5830,109.9620,210000.0000,0
0.7330,0.7990,5.0000,-8.7590,0.0000,0.0477,0.0708,0.0000,0.2140,0.9550,103.4460,335320.0000,0
0.5490,0.6700,9.0000,-6.3400,0.0000,0.0258,0.0004,0.0005,0.1190,0.4050,91.9220,263703.0000,0
0.4690,0.6540,10.0000,-5.2680,1.0000,0.0300,0.1740,0.0103,0.1250,0.3380,117.9750,296080.0000,0
0.6690,0.7640,0.0000,-6.6180,1.0000,0.4370,0.2020,0.0000,0.4210,0.7660,111.8050,251587.0000,0
0.8930,0.4370,9.0000,-10.5180,1.0000,0.1220,0.0227,0.0000,0.6020,0.4050,104.4430,261427.0000,0
0.8370,0.9520,6.0000,-1.5970,1.0000,0.1030,0.0387,0.2760,0.0282,0.6590,126.0380,198810.0000,0
0.5820,0.5870,0.0000,-6.3040,0.0000,0.0350,0.2650,0.0000,0.0998,0.3130,75.0260,200187.0000,0
0.7290,0.5150,8.0000,-6.0030,1.0000,0.0351,0.4940,0.0000,0.0905,0.3980,120.9940,212231.0000,0
0.7960,0.9600,8.0000,-1.8510,1.0000,0.0486,0.0038,0.5970,0.6740,0.4460,126.0090,329430.0000,0
0.5140,0.6360,3.0000,-7.8120,0.0000,0.0354,0.0768,0.0004,0.1420,0.2340,107.0650,242827.0000,0
0.5230,0.8610,0.0000,-3.4470,1.0000,0.0644,0.0336,0.0000,0.1440,0.3460,127.0490,229149.0000,0
0.5830,0.8840,7.0000,-5.1800,1.0000,0.0631,0.4930,0.0000,0.4360,0.7940,121.9030,225160.0000,0
0.8080,0.9250,6.0000,-2.8550,1.0000,0.1830,0.0026,0.2170,0.1340,0.2340,126.0990,170516.0000,0
0.7020,0.7540,9.0000,-5.4580,0.0000,0.0513,0.0051,0.8440,0.0820,0.3870,124.0110,373427.0000,0
0.4720,0.6870,4.0000,-9.0870,0.0000,0.0285,0.0003,0.0320,0.6170,0.2450,98.0480,290600.0000,0
0.3990,0.4310,4.0000,-11.3150,0.0000,0.0257,0.5470,0.0000,0.3330,0.5650,80.0220,202200.0000,0
0.7580,0.8050,6.0000,-4.7250,0.0000,0.1130,0.0343,0.0000,0.0458,0.5870,107.9350,178377.0000,0
0.4910,0.5830,7.0000,-10.9640,1.0000,0.0376,0.1820,0.0000,0.4070,0.9070,150.5720,183307.0000,0
0.6680,0.9820,8.0000,-2.4600,1.0000,0.0433,0.0003,0.1140,0.2530,0.4150,127.9840,265050.0000,0
0.6800,0.8640,2.0000,-3.1600,1.0000,0.0339,0.3700,0.0003,0.3730,0.8510,93.5280,373200.0000,0
0.4750,0.5610,7.0000,-12.5480,1.0000,0.0404,0.2550,0.3300,0.1250,0.5100,125.0340,222000.0000,0
0.5480,0.5930,9.0000,-9.4460,1.0000,0.0526,0.0132,0.0003,0.1590,0.5630,121.3100,309453.0000,0
0.6750,0.8620,8.0000,-7.2650,1.0000,0.0546,0.0622,0.0000,0.1330,0.3840,129.9990,302700.0000,0
0.7780,0.3170,1.0000,-10.7320,0.0000,0.3340,0.5920,0.0000,0.0881,0.3270,140.0480,178627.0000,0
0.6320,0.9110,0.0000,-4.7280,1.0000,0.0750,0.0011,0.0002,0.3380,0.7300,124.3050,200853.0000,0
0.6140,0.8020,0.0000,-3.8720,0.0000,0.0306,0.0230,0.0000,0.0589,0.6660,96.0260,215031.0000,0
0.7520,0.7510,8.0000,-6.2810,0.0000,0.0430,0.0642,0.0014,0.2780,0.9630,106.8000,271240.0000,0
0.8030,0.5240,2.0000,-6.2450,1.0000,0.2770,0.0563,0.0000,0.1740,0.3490,75.5310,142907.0000,0
0.3050,0.6830,10.0000,-5.9000,0.0000,0.1050,0.0478,0.8670,0.2280,0.3260,105.0280,247017.0000,0
0.7510,0.6650,8.0000,-3.0830,1.0000,0.1240,0.2650,0.0000,0.0515,0.6980,95.2390,219357.0000,0
0.8330,0.8200,0.0000,-7.9890,0.0000,0.0841,0.0021,0.0031,0.2800,0.5170,119.9790,148400.0000,0
0.7840,0.7190,1.0000,-10.5920,1.0000,0.0807,0.0262,0.9160,0.1110,0.1750,128.0000,350625.0000,0
0.8450,0.5820,11.0000,-10.6670,1.0000,0.3480,0.0293,0.0000,0.1940,0.5740,152.0720,401827.0000,0
0.5910,0.8230,2.0000,-6.2960,0.0000,0.0474,0.2190,0.3530,0.0918,0.6640,124.9420,264307.0000,0
0.5740,0.5190,7.0000,-14.6520,1.0000,0.0768,0.7180,0.4710,0.1660,0.2600,120.0310,160000.0000,0
0.6000,0.3840,7.0000,-6.3440,0.0000,0.0360,0.0035,0.0001,0.0861,0.3620,137.9550,212600.0000,0
0.6260,0.9730,7.0000,-2.5820,1.0000,0.2210,0.0417,0.0011,0.1300,0.1570,139.6210,252000.0000,0
0.4970,0.9260,0.0000,-6.0580,0.0000,0.0390,0.0009,0.0051,0.6300,0.1570,140.0650,361680.0000,0
0.5480,0.7200,1.0000,-9.7770,0.0000,0.0409,0.0686,0.0002,0.1070,0.4580,140.9660,229093.0000,0
0.8420,0.6390,11.0000,-9.0920,0.0000,0.0951,0.0006,0.2490,0.2080,0.4870,127.0070,373787.0000,0
0.7200,0.5460,0.0000,-8.2000,0.0000,0.1570,0.4210,0.0000,0.0469,0.6040,87.0070,117931.0000,0
0.7500,0.7560,1.0000,-4.4500,1.0000,0.0426,0.0187,0.0013,0.1960,0.6000,127.9920,215227.0000,0
0.7870,0.7260,4.0000,-8.3100,1.0000,0.0606,0.0001,0.3900,0.0617,0.2440,123.9970,481769.0000,0
0.5030,0.7130,8.0000,-5.7950,1.0000,0.0405,0.0791,0.0000,0.2150,0.3450,89.7990,212467.0000,0
0.4970,0.6370,1.0000,-5.1310,1.0000,0.1110,0.1050,0.0000,0.3760,0.6060,87.4140,213160.0000,0
0.5780,0.4380,2.0000,-11.4830,0.0000,0.0696,0.7370,0.0088,0.0965,0.7900,89.0830,225094.0000,0
0.7580,0.5090,0.0000,-8.4180,1.0000,0.0371,0.2770,0.0003,0.0829,0.6670,141.0240,166590.0000,0
0.6240,0.7350,2.0000,-6.6640,1.0000,0.0621,0.0005,0.9320,0.0679,0.3390,127.9850,377930.0000,0
0.7450,0.9240,9.0000,-5.0150,1.0000,0.0424,0.0054,0.0000,0.0335,0.9170,98.0650,198827.0000,0
0.6750,0.9560,5.0000,-5.3450,0.0000,0.0530,0.3260,0.0033,0.3150,0.8180,108.1670,361173.0000,0
0.6530,0.4330,5.0000,-11.2640,1.0000,0.0430,0.8100,0.2230,0.2370,0.5770,104.6670,292693.0000,0
0.6660,0.6890,11.0000,-7.3440,0.0000,0.0504,0.1110,0.0000,0.0657,0.7810,177.8740,166507.0000,0
0.8180,0.8340,11.0000,-5.2550,0.0000,0.0520,0.0000,0.1150,0.0442,0.3410,127.9990,226875.0000,0
0.2210,0.4730,9.0000,-8.4970,1.0000,0.0301,0.3990,0.0000,0.1200,0.1760,78.7430,336640.0000,0
0.7680,0.7440,8.0000,-11.2670,1.0000,0.0338,0.0218,0.7120,0.0630,0.9630,127.0360,265893.0000,0
0.5060,0.6880,3.0000,-6.6870,1.0000,0.0448,0.0087,0.0000,0.2910,0.3710,149.9510,183197.0000,0
0.4820,0.5310,3.0000,-7.2080,0.0000,0.3840,0.2230,0.0000,0.1020,0.4580,204.4830,273307.0000,0
0.6350,0.8320,0.0000,-8.2490,0.0000,0.0288,0.0204,0.0003,0.1240,0.9290,120.0700,248067.0000,0
0.5620,0.2880,9.0000,-13.2500,1.0000,0.0336,0.7320,0.0001,0.4410,0.1140,130.0810,123633.0000,0
0.7320,0.4210,0.0000,-12.1750,1.0000,0.0370,0.7170,0.0137,0.1590,0.7390,133.9180,197015.0000,0
0.6500,0.9380,1.0000,-2.9300,1.0000,0.0635,0.0474,0.0104,0.3650,0.3650,124.9580,181476.0000,0
0.6900,0.3850,0.0000,-8.4440,1.0000,0.0817,0.1810,0.0000,0.2360,0.1900,129.9580,226101.0000,0
0.6980,0.6530,9.0000,-6.3650,1.0000,0.0521,0.4240,0.0000,0.3210,0.3810,100.9760,186610.0000,0
0.8420,0.9630,4.0000,-5.5630,0.0000,0.1140,0.0297,0.0271,0.0592,0.9180,163.8320,172442.0000,0
0.8670,0.4320,7.0000,-7.4660,1.0000,0.1880,0.0119,0.0000,0.0690,0.8800,94.0170,225319.0000,0
0.6380,0.9310,0.0000,-3.6050,1.0000,0.0363,0.2280,0.0003,0.0524,0.9650,128.6620,228667.0000,0
0.7650,0.8380,8.0000,-4.3930,1.0000,0.0320,0.0053,0.0000,0.1080,0.4200,125.9630,148584.0000,0
0.4860,0.7130,2.0000,-3.9490,0.0000,0.0524,0.0853,0.0000,0.0839,0.2970,121.0280,226720.0000,0
0.7160,0.8140,7.0000,-5.1020,0.0000,0.1750,0.1380,0.0012,0.1760,0.3610,128.1000,240133.0000,0
0.5160,0.9390,9.0000,-4.1060,1.0000,0.3270,0.0283,0.5170,0.1560,0.3490,139.9280,171429.0000,0
0.6270,0.9710,9.0000,-5.1310,0.0000,0.0456,0.0205,0.8690,0.0756,0.3150,126.0200,229524.0000,0
0.8940,0.3340,4.0000,-7.8520,0.0000,0.0838,0.1560,0.7820,0.1050,0.3460,93.0250,196128.0000,0
0.5930,0.8000,0.0000,-3.0770,1.0000,0.0621,0.3570,0.0000,0.1010,0.7810,175.9410,215104.0000,0
0.4520,0.5740,6.0000,-8.3360,1.0000,0.3100,0.2460,0.0000,0.1890,0.5800,92.7910,207187.0000,0
0.8260,0.6490,7.0000,-6.1030,1.0000,0.2070,0.0196,0.0002,0.3150,0.5540,97.3990,244827.0000,0
0.6890,0.7110,8.0000,-5.0270,0.0000,0.0455,0.0071,0.0005,0.1350,0.5660,115.0480,206320.0000,0
0.5500,0.8790,7.0000,-4.2130,1.0000,0.0411,0.0048,0.0002,0.4320,0.2240,122.0370,210492.0000,0
0.7270,0.7930,1.0000,-12.5550,1.0000,0.1270,0.0924,0.0003,0.3130,0.8880,93.6470,302987.0000,0
0.6580,0.7410,7.0000,-2.8600,0.0000,0.0536,0.1410,0.0000,0.1890,0.7890,98.0240,202213.0000,0
0.7160,0.9850,5.0000,-1.6930,0.0000,0.0520,0.0004,0.2230,0.0095,0.6370,128.0030,286875.0000,0
0.6910,0.8900,10.0000,-2.6650,0.0000,0.3330,0.2280,0.0000,0.0872,0.1560,90.2740,206187.0000,0
0.3010,0.8240,9.0000,-5.9210,0.0000,0.2020,0.0592,0.0010,0.1370,0.1340,149.7370,156817.0000,0
0.5510,0.8510,1.0000,-3.2770,1.0000,0.1970,0.0748,0.0000,0.0784,0.1000,171.4110,297893.0000,0
0.3590,0.3110,8.0000,-14.1470,1.0000,0.0459,0.8650,0.0000,0.1040,0.4830,82.2310,223840.0000,0
0.7010,0.4250,7.0000,-10.9650,1.0000,0.3750,0.3280,0.1300,0.1000,0.5620,135.1280,194088.0000,1
0.8800,0.7510,7.0000,-4.2580,0.0000,0.0874,0.1770,0.0001,0.1060,0.8840,117.9480,157606.0000,1
0.8030,0.7150,2.0000,-3.2800,1.0000,0.2980,0.2950,0.0001,0.0574,0.5740,101.0850,200960.0000,1
0.7040,0.2250,6.0000,-14.4540,0.0000,0.0994,0.9020,0.6570,0.1060,0.2430,120.0060,245426.0000,1
0.6620,0.5190,9.0000,-6.5540,0.0000,0.1060,0.4040,0.0000,0.1210,0.4950,145.8410,210427.0000,1
0.6580,0.9010,7.0000,-2.8140,1.0000,0.0357,0.0478,0.0000,0.1200,0.7080,93.9790,210520.0000,1
0.7860,0.8080,7.0000,-3.7020,1.0000,0.0882,0.0846,0.0003,0.0822,0.6090,105.0270,301714.0000,1
0.7340,0.8360,10.0000,-4.8030,0.0000,0.0735,0.0170,0.0000,0.1790,0.6230,80.0020,270741.0000,1
0.7590,0.5400,9.0000,-6.0390,0.0000,0.0287,0.0370,0.0000,0.0945,0.7500,116.9470,190960.0000,1
0.7640,0.3200,11.0000,-7.2090,1.0000,0.0546,0.8370,0.0000,0.0822,0.5750,91.0190,189486.0000,1
0.5130,0.7960,1.0000,-4.0750,1.0000,0.0629,0.0015,0.0002,0.0938,0.3450,171.0170,201573.0000,1
0.5010,0.4050,1.0000,-5.6790,1.0000,0.0319,0.7510,0.0000,0.1050,0.4460,109.8910,182161.0000,1
0.4740,0.6310,5.0000,-5.8840,0.0000,0.3430,0.0687,0.0000,0.1320,0.4250,180.0510,189323.0000,1
0.7540,0.6460,7.0000,-5.7950,1.0000,0.3170,0.1520,0.0000,0.1080,0.4290,176.0890,242573.0000,1
0.5310,0.7500,10.0000,-5.8310,0.0000,0.1110,0.0063,0.0001,0.1170,0.1980,169.9540,200080.0000,1
0.5050,0.3400,4.0000,-9.0050,1.0000,0.0438,0.5760,0.0000,0.2100,0.0916,101.9930,206459.0000,1
0.4590,0.5750,3.0000,-4.8580,1.0000,0.0573,0.6040,0.0000,0.0885,0.1830,111.8810,215107.0000,1
0.8240,0.5880,6.0000,-6.4000,0.0000,0.0924,0.6920,0.0001,0.1490,0.5130,98.0270,209438.0000,1
0.6760,0.7710,8.0000,-3.6750,1.0000,0.0483,0.0237,0.0000,0.1020,0.5690,99.0480,207133.0000,1
0.6950,0.7620,0.0000,-3.4970,1.0000,0.0395,0.1920,0.0024,0.0863,0.5530,120.0420,215280.0000,1
0.7940,0.7930,11.0000,-4.5210,0.0000,0.0842,0.0125,0.0000,0.0952,0.6770,123.9410,183290.0000,1
0.5980,0.4270,7.0000,-8.7640,0.0000,0.0317,0.0546,0.0000,0.2100,0.0605,76.4690,175721.0000,1
0.7780,0.5590,6.0000,-7.1090,0.0000,0.0776,0.1280,0.0000,0.3990,0.6780,129.9890,185093.0000,1
0.6540,0.6300,10.0000,-4.6440,1.0000,0.0259,0.1530,0.0000,0.1110,0.4300,89.9910,167693.0000,1
0.4770,0.6820,1.0000,-4.9310,0.0000,0.0925,0.1530,0.0000,0.0763,0.3450,110.5670,202205.0000,1
0.6190,0.4590,7.0000,-5.7820,0.0000,0.0334,0.5600,0.0000,0.1370,0.4980,126.8030,184280.0000,1
0.8570,0.6210,9.0000,-6.3760,0.0000,0.0824,0.1480,0.0000,0.0865,0.6680,97.9860,204467.0000,1
0.8430,0.3910,2.0000,-7.8990,1.0000,0.0845,0.1810,0.0000,0.1370,0.4960,129.9720,160627.0000,1
0.7450,0.6420,7.0000,-6.2570,0.0000,0.2870,0.0204,0.0000,0.0658,0.2260,179.9740,131240.0000,1
0.6100,0.6240,2.0000,-4.7730,1.0000,0.3090,0.6000,0.0000,0.2430,0.2440,176.1690,250534.0000,1
0.8790,0.7030,1.0000,-4.2190,1.0000,0.0701,0.1430,0.0000,0.0569,0.7880,94.0040,199711.0000,1
0.8780,0.6190,6.0000,-5.5600,1.0000,0.1020,0.0533,0.0000,0.1130,0.6390,136.0410,157067.0000,1
0.7240,0.4910,8.0000,-6.0240,1.0000,0.0296,0.0180,0.0000,0.0887,0.3830,105.0460,170746.0000,1
0.8240,0.5880,6.0000,-6.4000,0.0000,0.0924,0.6920,0.0001,0.1490,0.5130,98.0270,209438.0000,1
0.5480,0.8160,0.0000,-4.2090,1.0000,0.0465,0.1220,0.0000,0.3350,0.5570,95.3900,174000.0000,1
0.7780,0.3170,1.0000,-10.7320,0.0000,0.3340,0.5920,0.0000,0.0881,0.3270,140.0480,178627.0000,1
0.7840,0.4300,10.0000,-8.7560,0.0000,0.0364,0.1230,0.0000,0.0887,0.2360,127.0870,159382.0000,1
0.7980,0.6750,6.0000,-5.0410,1.0000,0.0442,0.0912,0.0000,0.0894,0.8420,101.9560,219947.0000,1
0.8160,0.6300,2.0000,-5.5680,1.0000,0.2260,0.1330,0.0000,0.0692,0.7150,96.4930,131607.0000,1
0.6760,0.6090,2.0000,-5.8310,0.0000,0.4810,0.0706,0.0000,0.1520,0.5080,142.0370,237735.0000,1
0.8960,0.5860,10.0000,-6.6870,0.0000,0.0559,0.1040,0.0000,0.7900,0.6420,116.9710,196653.0000,1
0.8810,0.4570,7.0000,-8.1910,0.0000,0.1560,0.0327,0.0000,0.2310,0.2960,136.9700,198913.0000,1
0.7690,0.7870,11.0000,-3.9090,1.0000,0.3670,0.1890,0.0000,0.1290,0.8360,126.7700,159715.0000,1
0.7360,0.3690,9.0000,-9.6820,0.0000,0.0688,0.3340,0.0000,0.1260,0.2350,140.0050,222997.0000,1
0.6560,0.6140,6.0000,-4.9730,0.0000,0.1020,0.5580,0.0009,0.2150,0.3500,128.0380,153750.0000,1
0.8090,0.5450,7.0000,-6.6780,1.0000,0.0735,0.3920,0.0000,0.1510,0.2440,97.0080,180435.0000,1
0.8860,0.6720,1.0000,-4.3940,1.0000,0.1880,0.0363,0.0000,0.1010,0.5260,91.9760,192024.0000,1
0.8830,0.6680,9.0000,-2.9570,1.0000,0.1130,0.1100,0.0005,0.0734,0.6760,87.9720,226533.0000,1
0.6540,0.6720,0.0000,-5.9800,0.0000,0.3110,0.4710,0.0000,0.0781,0.3430,181.8570,249520.0000,1
0.5480,0.6530,5.0000,-3.8750,1.0000,0.0810,0.4560,0.0000,0.1030,0.1630,150.0680,174853.0000,1
0.8170,0.6650,9.0000,-6.2240,0.0000,0.0758,0.0549,0.0000,0.1030,0.6620,104.9570,215460.0000,1
0.6210,0.6010,6.0000,-5.6160,0.0000,0.1480,0.0522,0.0000,0.4600,0.4570,116.7350,163636.0000,1
0.5110,0.5660,6.0000,-7.2300,0.0000,0.2000,0.3490,0.0000,0.3400,0.2180,83.9030,239836.0000,1
0.3350,0.6250,7.0000,-7.4620,1.0000,0.0386,0.1640,0.0000,0.0708,0.3460,150.2770,241107.0000,1
0.7351,0.3907,9.0626,-9.5164,0.0000,0.0686,0.3152,0.0001,0.1329,0.2620,137.8129,222916.6685,1
0.7344,0.4069,9.1091,-9.3933,0.0000,0.0685,0.3012,0.0001,0.1381,0.2822,136.1837,222856.9649,1
0.7233,0.6638,9.8494,-7.4353,0.0000,0.0662,0.0787,0.0007,0.2203,0.6020,110.2657,221907.1838,1
0.7326,0.4473,9.2256,-9.0854,0.0000,0.0681,0.2662,0.0002,0.1510,0.3324,132.1081,222707.6137,1
0.7283,0.5472,9.5135,-8.3238,0.0000,0.0672,0.1796,0.0004,0.1830,0.4568,122.0274,222338.1999,1
0.7238,0.6502,9.8103,-7.5387,0.0000,0.0663,0.0904,0.0007,0.2159,0.5851,111.6345,221957.3461,1
0.6020,0.5334,10.0000,-8.3739,0.0710,0.0404,0.1307,0.0000,0.1379,0.5220,121.5247,168337.7196,1
0.6492,0.6210,10.0000,-4.9910,0.9136,0.0272,0.1509,0.0000,0.1135,0.4386,92.9250,167752.9877,1
0.6507,0.6239,10.0000,-4.8797,0.9413,0.0268,0.1516,0.0000,0.1127,0.4358,91.9839,167733.7451,1
0.6124,0.5527,10.0000,-7.6282,0.2567,0.0375,0.1352,0.0000,0.1326,0.5036,115.2205,168208.8279,1
0.6023,0.5341,10.0000,-8.3479,0.0775,0.0403,0.1309,0.0000,0.1378,0.5213,121.3046,168333.2208,1
0.6035,0.5362,10.0000,-8.2643,0.0983,0.0400,0.1314,0.0000,0.1371,0.5193,120.5981,168318.7762,1
0.7322,0.4667,5.9872,-9.8559,1.0000,0.3434,0.2788,0.1081,0.1002,0.5559,127.8442,193739.6083,1
0.8332,0.6015,2.7137,-6.2708,1.0000,0.2414,0.1196,0.0371,0.1007,0.5363,104.3009,192613.5108,1
0.8569,0.6332,1.9436,-5.4274,1.0000,0.2174,0.0822,0.0205,0.1008,0.5317,98.7621,192348.5853,1
0.7724,0.5203,4.6844,-8.4291,1.0000,0.3028,0.2154,0.0798,0.1004,0.5481,118.4744,193291.4448,1
0.8461,0.6188,2.2928,-5.8098,1.0000,0.2283,0.0992,0.0280,0.1008,0.5338,101.2738,192468.7226,1
0.8124,0.5738,3.3861,-7.0071,1.0000,0.2624,0.1523,0.0517,0.1006,0.5403,109.1366,192844.8089,1
0.8797,0.7327,6.8611,-4.4389,0.1389,0.0894,0.1598,0.0001,0.1070,0.8500,120.4617,157531.1141,1
0.8799,0.7467,6.9673,-4.3005,0.0327,0.0879,0.1730,0.0001,0.1062,0.8760,118.5388,157588.4009,1
0.8789,0.6759,6.4308,-4.9991,0.5692,0.0957,0.1066,0.0000,0.1100,0.7445,128.2471,157299.1832,1
0.8795,0.7151,6.7283,-4.6117,0.2717,0.0914,0.1434,0.0000,0.1079,0.8174,122.8636,157459.5613,1
0.8782,0.6317,6.0960,-5.4350,0.9040,0.1006,0.0652,0.0000,0.1123,0.6625,134.3040,157118.7447,1
0.8789,0.6801,6.4627,-4.9576,0.5373,0.0952,0.1105,0.0000,0.1098,0.7524,127.6697,157316.3856,1
0.7915,0.7182,1.9604,-3.3115,1.0000,0.2887,0.2834,0.0001,0.0588,0.5649,103.8552,200984.2822,1
0.7348,0.7341,1.7648,-3.4670,1.0000,0.2427,0.2260,0.0002,0.0660,0.5201,117.5321,201104.1696,1
0.7344,0.7342,1.7634,-3.4681,1.0000,0.2424,0.2256,0.0002,0.0660,0.5198,117.6308,201105.0346,1
0.6777,0.7500,1.5679,-3.6236,1.0000,0.1964,0.1682,0.0002,0.0731,0.4750,131.3054,201224.9018,1
0.7753,0.7227,1.9046,-3.3559,1.0000,0.2756,0.2670,0.0001,0.0609,0.5521,107.7581,201018.4939,1
0.5272,0.7920,1.0490,-4.0361,1.0000,0.0744,0.0158,0.0002,0.0920,0.3562,167.5924,201542.9813,1
0.7500,0.6126,6.9208,-6.4810,0.9208,0.2998,0.2114,0.0521,0.1078,0.4143,171.6459,242799.0226,1
0.7482,0.5973,6.8843,-6.7971,0.8843,0.2918,0.2388,0.0761,0.1078,0.4075,169.5984,242903.1833,1
0.7136,0.3059,6.1921,-12.7904,0.1921,0.1412,0.7579,0.5308,0.1064,0.2787,130.7810,244877.8642,1
0.7443,0.5644,6.8061,-7.4742,0.8061,0.2748,0.2974,0.1274,0.1076,0.3929,165.2128,243126.2855,1
0.7094,0.2701,6.1072,-13.5255,0.1072,0.1227,0.8216,0.5866,0.1062,0.2629,126.0198,245120.0710,1
0.7367,0.5001,6.6534,-8.7960,0.6534,0.2416,0.4119,0.2277,0.1073,0.3645,156.6520,243561.7791,1
0.6595,0.7545,7.7670,-4.2482,0.6165,0.0627,0.1844,0.0000,0.1204,0.6263,113.8670,210484.3364,1
0.6586,0.8406,7.3164,-3.4057,0.8418,0.0468,0.1041,0.0000,0.1202,0.6743,102.1834,210505.2876,1
0.6610,0.6181,8.4809,-5.5834,0.2595,0.0878,0.3116,0.0000,0.1207,0.5503,132.3812,210451.1363,1
0.6615,0.5666,8.7510,-6.0883,0.1245,0.0972,0.3596,0.0000,0.1209,0.5215,139.3837,210438.5793,1
0.6606,0.6538,8.2941,-5.2340,0.3529,0.0812,0.2783,0.0000,0.1206,0.5702,127.5365,210459.8241,1
0.6619,0.5322,8.9311,-6.4251,0.0345,0.1036,0.3917,0.0000,0.1210,0.5023,144.0532,210430.2059,1
0.6581,0.8947,7.0329,-2.8756,0.9835,0.0369,0.0537,0.0000,0.1200,0.7045,94.8329,210518.4687,1
0.6588,0.8242,7.4023,-3.5664,0.7988,0.0498,0.1195,0.0000,0.1202,0.6652,104.4119,210501.2916,1
0.6618,0.5340,8.9213,-6.4069,0.0393,0.1032,0.3900,0.0000,0.1210,0.5034,143.8007,210430.6586,1
0.6595,0.7539,7.7704,-4.2546,0.6148,0.0628,0.1850,0.0000,0.1204,0.6260,113.9562,210484.1765,1
0.6617,0.5493,8.8414,-6.2574,0.0793,0.1004,0.3758,0.0000,0.1209,0.5119,141.7286,210434.3744,1
0.6602,0.6941,8.0833,-4.8398,0.4583,0.0738,0.2407,0.0000,0.1205,0.5926,122.0705,210469.6257,1
0.7411,0.8322,9.5922,-4.6533,0.1359,0.0755,0.0262,0.0001,0.1658,0.6211,83.4038,274951.3712,1
0.7544,0.8250,8.8231,-4.3711,0.3923,0.0793,0.0435,0.0001,0.1410,0.6175,89.8195,282891.9258,1
0.7451,0.8300,9.3568,-4.5669,0.2144,0.0767,0.0315,0.0001,0.1582,0.6200,85.3678,277382.1107,1
0.7558,0.8243,8.7415,-4.3411,0.4195,0.0797,0.0454,0.0001,0.1384,0.6171,90.5002,283734.4404,1
0.7643,0.8197,8.2521,-4.1615,0.5826,0.0821,0.0564,0.0002,0.1226,0.6148,94.5824,288786.9324,1
0.7647,0.8194,8.2268,-4.1522,0.5911,0.0822,0.0570,0.0002,0.1218,0.6147,94.7936,289048.3554,1
0.7293,0.8280,9.6982,-4.8019,0.0377,0.0824,0.0390,0.0000,0.1814,0.6087,83.6296,269978.7563,1
0.6471,0.6874,4.3916,-4.7820,0.7010,0.2386,0.4257,0.0000,0.2239,0.3573,147.4196,256574.9463,1
0.7265,0.8232,9.5164,-4.8012,0.0604,0.0877,0.0522,0.0000,0.1829,0.6001,85.8152,269519.5167,1
0.6231,0.6464,2.8449,-4.7762,0.8944,0.2841,0.5384,0.0000,0.2362,0.2840,166.0127,252668.0878,1
0.6512,0.6945,4.6603,-4.7830,0.6675,0.2307,0.4061,0.0000,0.2217,0.3700,144.1903,257253.5029,1
0.6136,0.6302,2.2338,-4.7739,0.9708,0.3021,0.5830,0.0000,0.2411,0.2551,173.3580,251124.6605,1
0.5769,0.7782,1.2202,-3.8999,1.0000,0.1147,0.0661,0.0002,0.0858,0.3954,155.6171,201438.0100,1
0.5937,0.7735,1.2783,-3.8537,1.0000,0.1283,0.0832,0.0002,0.0837,0.4087,151.5531,201402.3859,1
0.6717,0.7517,1.5471,-3.6401,1.0000,0.1915,0.1621,0.0002,0.0739,0.4703,132.7569,201237.6250,1
0.5542,0.7845,1.1421,-3.9620,1.0000,0.0963,0.0432,0.0002,0.0886,0.3775,161.0776,201485.8744,1
0.8006,0.7157,1.9917,-3.2866,1.0000,0.2960,0.2926,0.0001,0.0577,0.5721,101.6661,200965.0938,1
0.5729,0.7793,1.2066,-3.9107,1.0000,0.1115,0.0621,0.0002,0.0863,0.3923,156.5663,201446.3297,1
0.6061,0.5441,4.5858,-5.2638,0.6414,0.0507,0.4862,0.0000,0.1015,0.5288,114.9290,182565.8328,1
0.6494,0.6016,6.0665,-5.0923,0.4933,0.0584,0.3768,0.0000,0.1000,0.5630,117.0095,182733.0096,1
0.6775,0.6388,7.0252,-4.9813,0.3975,0.0634,0.3060,0.0000,0.0991,0.5852,118.3564,182841.2481,1
0.6334,0.5804,5.5195,-5.1556,0.5481,0.0555,0.4172,0.0000,0.1006,0.5504,116.2408,182671.2466,1
0.5065,0.4122,1.1865,-5.6574,0.9813,0.0329,0.7372,0.0000,0.1048,0.4503,110.1531,182182.0587,1
0.6915,0.6572,7.5002,-4.9263,0.3500,0.0659,0.2710,0.0000,0.0986,0.5962,119.0238,182894.8731,1
0.6297,0.6398,7.0000,-6.2897,1.0000,0.2344,0.1556,0.0000,0.0970,0.4044,168.4296,242137.9828,1
0.7219,0.6444,7.0000,-5.9226,1.0000,0.2957,0.1529,0.0000,0.1052,0.4226,174.1136,242460.8076,1
0.6860,0.6426,7.0000,-6.0657,1.0000,0.2718,0.1539,0.0000,0.1020,0.4155,171.8971,242334.9214,1
0.3450,0.6255,7.0000,-7.4222,1.0000,0.0452,0.1637,0.0000,0.0717,0.3480,150.8929,241141.9809,1
0.5646,0.6365,7.0000,-6.5485,1.0000,0.1912,0.1574,0.0000,0.0912,0.3915,164.4225,241910.3954,1
0.6243,0.6395,7.0000,-6.3108,1.0000,0.2309,0.1557,0.0000,0.0965,0.4033,168.1018,242119.3625,1
0.6056,0.7399,8.0712,-5.4855,0.2143,0.1022,0.0356,0.0001,0.1041,0.3244,153.6770,200000.9190,1
0.6409,0.7352,7.1589,-5.3221,0.3157,0.0981,0.0495,0.0001,0.0980,0.3843,145.9782,199963.5144,1
0.6468,0.7344,7.0046,-5.2945,0.3328,0.0974,0.0518,0.0001,0.0970,0.3944,144.6764,199957.1900,1
0.5828,0.7430,8.6608,-5.5911,0.1488,0.1049,0.0267,0.0001,0.1081,0.2858,158.6526,200025.0924,1
0.5438,0.7483,9.6699,-5.7719,0.0367,0.1095,0.0113,0.0001,0.1148,0.2196,167.1686,200066.4671,1
0.7549,0.7198,4.2093,-4.7938,0.6434,0.0847,0.0943,0.0000,0.0783,0.5776,121.0872,199842.5828,1
0.6599,0.7305,7.6242,-4.1757,1.0000,0.0479,0.0756,0.0000,0.1121,0.5242,99.3246,207069.6854,1
0.5161,0.3679,4.2591,-8.6597,1.0000,0.0441,0.5402,0.0000,0.2030,0.1225,101.8022,206502.6643,1
0.5585,0.4748,5.2515,-7.3374,1.0000,0.0452,0.4032,0.0000,0.1762,0.2410,101.0716,206669.8739,1
0.6133,0.6130,6.5333,-5.6294,1.0000,0.0466,0.2262,0.0000,0.1416,0.3939,100.1279,206885.8548,1
0.5513,0.4567,5.0832,-7.5616,1.0000,0.0450,0.4264,0.0000,0.1808,0.2209,101.1955,206641.5206,1
0.5417,0.4326,4.8594,-7.8599,1.0000,0.0448,0.4573,0.0000,0.1868,0.1942,101.3603,206603.8023,1
0.5348,0.6350,2.0369,-4.4211,1.0000,0.0516,0.4717,0.0008,0.0878,0.3018,114.5011,215162.5410,1
0.5484,0.6459,1.8633,-4.3423,1.0000,0.0506,0.4479,0.0009,0.0877,0.3232,114.9732,215172.5487,1
0.5088,0.6145,2.3664,-4.5706,1.0000,0.0535,0.5170,0.0005,0.0880,0.2611,113.6046,215143.5373,1
0.6418,0.7199,0.6757,-3.8036,1.0000,0.0435,0.2848,0.0019,0.0868,0.4697,118.2037,215241.0318,1
0.5262,0.6282,2.1460,-4.4706,1.0000,0.0522,0.4867,0.0007,0.0879,0.2883,114.2042,215156.2484,1
0.5634,0.6577,1.6729,-4.2559,1.0000,0.0494,0.4217,0.0011,0.0875,0.3467,115.4911,215183.5281,1
0.6730,0.7634,7.9293,-3.7692,1.0000,0.0482,0.0335,0.0000,0.1039,0.5606,99.1001,207121.0846,1
0.5618,0.4832,5.3287,-7.2345,1.0000,0.0453,0.3925,0.0000,0.1741,0.2502,101.0147,206682.8856,1
0.6221,0.6351,6.7391,-5.3551,1.0000,0.0469,0.1978,0.0000,0.1360,0.4185,99.9763,206920.5465,1
0.6367,0.6720,7.0810,-4.8996,1.0000,0.0473,0.1506,0.0000,0.1268,0.4593,99.7246,206978.1425,1
0.6691,0.7537,7.8394,-3.8890,1.0000,0.0481,0.0459,0.0000,0.1063,0.5498,99.1663,207105.9333,1
0.5080,0.3476,4.0704,-8.9112,1.0000,0.0439,0.5663,0.0000,0.2081,0.1000,101.9412,206470.8620,1
0.5975,0.6848,1.2389,-4.0591,1.0000,0.0469,0.3621,0.0014,0.0872,0.4002,116.6716,215208.5540,1
0.4868,0.5970,2.6467,-4.6977,1.0000,0.0552,0.5555,0.0003,0.0882,0.2266,112.8421,215127.3745,1
0.4978,0.6058,2.5064,-4.6341,1.0000,0.0544,0.5362,0.0004,0.0881,0.2439,113.2237,215135.4623,1
0.5035,0.6102,2.4345,-4.6015,1.0000,0.0539,0.5263,0.0005,0.0881,0.2527,113.4193,215139.6089,1
0.6445,0.7220,0.6416,-3.7881,1.0000,0.0433,0.2801,0.0019,0.0868,0.4739,118.2966,215243.0009,1
0.4659,0.5804,2.9126,-4.8183,1.0000,0.0568,0.5920,0.0001,0.0884,0.1938,112.1188,215112.0417,1
0.7324,0.6754,9.5911,-4.9651,0.0000,0.0663,0.2053,0.0000,0.1099,0.6140,124.9490,183638.6934,1
0.6482,0.5148,7.6685,-5.5713,0.0000,0.0419,0.4685,0.0000,0.1300,0.5279,126.3247,184114.5444,1
0.6665,0.5497,8.0865,-5.4395,0.0000,0.0472,0.4113,0.0000,0.1256,0.5466,126.0256,184011.0939,1
0.7122,0.6368,9.1292,-5.1108,0.0000,0.0604,0.2686,0.0000,0.1148,0.5933,125.2796,183753.0303,1
0.7855,0.7767,10.8052,-4.5824,0.0000,0.0817,0.0392,0.0000,0.0972,0.6683,124.0803,183338.2013,1
0.6920,0.5982,8.6676,-5.2563,0.0000,0.0546,0.3318,0.0000,0.1196,0.5726,125.6098,183867.2740,1
0.5859,0.4816,6.5169,-7.5831,0.2415,0.0436,0.1516,0.0000,0.1842,0.0853,94.2464,175511.3398,1
0.5886,0.4697,6.6221,-7.8402,0.1889,0.0410,0.1304,0.0000,0.1898,0.0799,90.3754,175556.9928,1
0.5967,0.4330,6.9467,-8.6336,0.0267,0.0330,0.0653,0.0000,0.2071,0.0632,78.4318,175697.8519,1
0.5664,0.5698,5.7363,-5.6750,0.6318,0.0628,0.3082,0.0000,0.1424,0.1253,122.9708,175172.5747,1
0.5831,0.4942,6.4053,-7.3103,0.2973,0.0464,0.1740,0.0000,0.1782,0.0910,98.3530,175462.9081,1
0.5629,0.5855,5.5972,-5.3348,0.7014,0.0663,0.3361,0.0000,0.1349,0.1324,128.0921,175112.1762,1
0.7632,0.5497,6.0934,-6.9851,0.0000,0.0735,0.1683,0.0000,0.3745,0.6612,129.6915,185017.0931,1
0.6300,0.4659,6.9309,-5.8737,0.0000,0.0365,0.5302,0.0000,0.1551,0.5104,127.0231,184336.1624,1
0.6524,0.4800,6.7897,-6.0611,0.0000,0.0427,0.4691,0.0000,0.1921,0.5359,127.4730,184450.9788,1
0.7435,0.5373,6.2168,-6.8213,0.0000,0.0680,0.2217,0.0000,0.3422,0.6390,129.2982,184916.7284,1
0.6881,0.5024,6.5656,-6.3584,0.0000,0.0526,0.3724,0.0000,0.2508,0.5762,128.1869,184633.1466,1
0.7552,0.5447,6.1433,-6.9188,0.0000,0.0713,0.1899,0.0000,0.3615,0.6522,129.5324,184976.4934,1
0.6332,0.5914,10.0000,-6.1329,0.6292,0.0317,0.1441,0.0000,0.1218,0.4667,102.5783,167950.3522,1
0.5989,0.5277,10.0000,-8.5921,0.0167,0.0412,0.1294,0.0000,0.1395,0.5274,123.3696,168375.4394,1
0.6478,0.6184,10.0000,-5.0899,0.8889,0.0276,0.1503,0.0000,0.1142,0.4410,93.7610,167770.0802,1
0.6186,0.5642,10.0000,-7.1856,0.3670,0.0358,0.1378,0.0000,0.1294,0.4927,111.4781,168132.3134,1
0.6446,0.6126,10.0000,-5.3167,0.8324,0.0285,0.1490,0.0000,0.1159,0.4466,95.6783,167809.2799,1
0.6187,0.5644,10.0000,-7.1752,0.3696,0.0357,0.1379,0.0000,0.1293,0.4924,111.3908,168130.5286,1
0.4848,0.7065,1.0000,-4.7467,0.2153,0.0861,0.1204,0.0000,0.0801,0.3450,123.5844,202068.9044,1
0.4867,0.7127,1.0000,-4.7005,0.2693,0.0845,0.1122,0.0001,0.0810,0.3450,126.8473,202034.7908,1
0.5091,0.7836,1.0000,-4.1684,0.8909,0.0661,0.0180,0.0002,0.0919,0.3450,164.4208,201641.9630,1
0.4800,0.6914,1.0000,-4.8601,0.0829,0.0900,0.1404,0.0000,0.0778,0.3450,115.5764,202152.6274,1
0.4966,0.7440,1.0000,-4.4657,0.5436,0.0764,0.0706,0.0001,0.0858,0.3450,143.4285,201861.4352,1
0.5121,0.7932,1.0000,-4.0961,0.9754,0.0636,0.0052,0.0002,0.0934,0.3450,169.5272,201588.5755,1
0.7146,0.5191,6.3988,-6.5798,0.0000,0.0600,0.3003,0.0000,0.2945,0.6062,128.7184,184768.7706,1
0.7278,0.5275,6.3154,-6.6904,0.0000,0.0637,0.2643,0.0000,0.3164,0.6212,128.9841,184836.5681,1
0.6212,0.4604,6.9862,-5.8004,0.0000,0.0340,0.5540,0.0000,0.1406,0.5005,126.8471,184291.2448,1
0.7277,0.5274,6.3161,-6.6895,0.0000,0.0636,0.2646,0.0000,0.3162,0.6211,128.9818,184835.9956,1
0.7474,0.5398,6.1922,-6.8540,0.0000,0.0691,0.2110,0.0000,0.3487,0.6434,129.3767,184936.7626,1
0.6987,0.5091,6.4987,-6.4472,0.0000,0.0556,0.3434,0.0000,0.2683,0.5882,128.4002,184687.5718,1
0.7223,0.5135,7.0871,-7.3818,0.3826,0.0676,0.3117,0.0000,0.1337,0.4475,99.5190,205229.0917,1
0.7603,0.5438,7.6260,-7.0984,0.2748,0.0718,0.2656,0.0000,0.1204,0.5096,99.0871,205014.3996,1
0.8251,0.5955,8.5471,-6.6142,0.0906,0.0789,0.1868,0.0000,0.0977,0.6158,98.3490,204647.4493,1
0.8156,0.5880,8.4121,-6.6851,0.1176,0.0779,0.1983,0.0000,0.1010,0.6002,98.4572,204701.2296,1
0.5550,0.3799,4.7101,-8.6316,0.8580,0.0493,0.5152,0.0000,0.1925,0.1735,101.4239,206176.1000,1
0.5127,0.3461,4.1090,-8.9477,0.9782,0.0446,0.5667,0.0000,0.2073,0.1042,101.9056,206415.5711,1
0.8336,0.4411,3.1379,-7.3945,1.0000,0.1202,0.1820,0.0000,0.1360,0.5390,129.5672,160511.6902,1
0.8193,0.5178,4.8817,-6.6214,1.0000,0.1750,0.1836,0.0000,0.1344,0.6049,128.9467,160334.9856,1
0.7786,0.7356,9.8310,-4.4272,1.0000,0.3303,0.1880,0.0000,0.1300,0.7918,127.1859,159833.4542,1
0.8124,0.5550,5.7272,-6.2466,1.0000,0.2015,0.1843,0.0000,0.1337,0.6368,128.6460,160249.3129,1
0.8315,0.4526,3.3989,-7.2788,1.0000,0.1284,0.1822,0.0000,0.1358,0.5488,129.4743,160485.2465,1
0.8426,0.3933,2.0524,-7.8758,1.0000,0.0861,0.1810,0.0000,0.1370,0.4980,129.9533,160621.6862,1
0.7942,0.6337,3.5346,-5.7795,0.6931,0.2447,0.0984,0.0000,0.0682,0.5649,122.1149,131494.3606,1
0.7641,0.6388,5.6560,-6.0718,0.2688,0.2706,0.0507,0.0000,0.0667,0.3574,157.5335,131338.6530,1
0.7845,0.6353,4.2214,-5.8741,0.5557,0.2531,0.0830,0.0000,0.0677,0.4978,133.5812,131443.9526,1
0.7777,0.6365,4.6966,-5.9396,0.4607,0.2589,0.0723,0.0000,0.0674,0.4513,141.5158,131409.0705,1
0.8125,0.6306,2.2430,-5.6015,0.9514,0.2290,0.1275,0.0000,0.0690,0.6912,100.5507,131589.1615,1
0.7975,0.6331,3.2997,-5.7471,0.7401,0.2419,0.1037,0.0000,0.0683,0.5879,118.1924,131511.6050,1
0.6217,0.6368,1.4680,-5.0941,0.7340,0.3095,0.5657,0.0000,0.1991,0.2703,177.6820,250264.2752,1
0.6164,0.6310,1.7073,-4.9496,0.8537,0.3093,0.5811,0.0000,0.2189,0.2585,177.0014,250385.6113,1
0.6306,0.6465,1.0622,-5.3389,0.5311,0.3099,0.5395,0.0000,0.1657,0.2904,178.8360,250058.5550,1
0.6344,0.6506,0.8925,-5.4414,0.4463,0.3101,0.5286,0.0000,0.1517,0.2988,179.3187,249972.5004,1
0.6366,0.6531,0.7892,-5.5037,0.3946,0.3102,0.5219,0.0000,0.1432,0.3039,179.6126,249920.1106,1
0.6422,0.6592,0.5351,-5.6571,0.2675,0.3105,0.5055,0.0000,0.1222,0.3165,180.3352,249791.2953,1
0.6445,0.7347,7.0656,-5.3054,0.3260,0.0977,0.0509,0.0001,0.0974,0.3904,145.1912,199959.6908,1
0.8191,0.7111,2.5490,-4.4964,0.8279,0.0771,0.1195,0.0000,0.0672,0.6865,107.0756,199774.5080,1
0.5698,0.7448,8.9970,-5.6514,0.1114,0.1064,0.0216,0.0001,0.1103,0.2638,161.4900,200038.8780,1
0.5546,0.7468,9.3885,-5.7215,0.0679,0.1082,0.0156,0.0001,0.1129,0.2381,164.7934,200054.9272,1
0.7285,0.7233,4.8919,-4.9161,0.5676,0.0878,0.0839,0.0000,0.0829,0.5329,126.8471,199870.5668,1
0.7929,0.7146,3.2268,-4.6178,0.7526,0.0802,0.1092,0.0000,0.0718,0.6420,112.7955,199802.2979,1
0.8787,0.6633,6.3354,-5.1233,0.6646,0.0971,0.0948,0.0000,0.1107,0.7212,129.9731,157247.7671,1
0.8800,0.7480,6.9776,-4.2871,0.0224,0.0877,0.1742,0.0001,0.1062,0.8785,118.3525,157593.9497,1
0.8792,0.7013,6.6238,-4.7479,0.3762,0.0929,0.1305,0.0000,0.1086,0.7918,124.7552,157403.2107,1
0.8798,0.7352,6.8803,-4.4139,0.1197,0.0891,0.1622,0.0001,0.1068,0.8547,120.1144,157541.4631,1
0.8782,0.6309,6.0902,-5.4425,0.9098,0.1007,0.0645,0.0000,0.1124,0.6611,134.4087,157115.6269,1
0.8784,0.6459,6.2037,-5.2947,0.7963,0.0990,0.0785,0.0000,0.1116,0.6889,132.3550,157176.8085,1
0.6982,0.4982,8.4092,-6.5631,0.7954,0.0320,0.0407,0.0000,0.0992,0.4129,108.9103,170263.4034,1
0.6209,0.5196,9.6369,-8.1807,0.1815,0.0393,0.1089,0.0000,0.1307,0.5025,120.5061,168815.2218,1
0.6830,0.5024,8.6504,-6.8809,0.6748,0.0335,0.0541,0.0000,0.1054,0.4305,111.1886,169978.8599,1
0.6712,0.5057,8.8377,-7.1277,0.5811,0.0346,0.0645,0.0000,0.1102,0.4442,112.9580,169757.8901,1
0.6770,0.5041,8.7466,-7.0077,0.6267,0.0340,0.0594,0.0000,0.1079,0.4375,112.0975,169865.3589,1
0.6520,0.5110,9.1427,-7.5295,0.4286,0.0364,0.0814,0.0000,0.1180,0.4664,115.8384,169398.1694,1
0.5480,0.7838,0.9884,-4.1430,1.0000,0.0533,0.1880,0.0000,0.2891,0.4791,106.1988,174168.6213,1
0.5480,0.7294,2.6552,-4.0316,1.0000,0.0648,0.2994,0.0000,0.2118,0.3478,124.4267,174452.9851,1
0.5480,0.6747,4.3336,-3.9195,1.0000,0.0764,0.4115,0.0000,0.1339,0.2155,142.7807,174739.3153,1
0.5480,0.7127,3.1683,-3.9974,1.0000,0.0684,0.3336,0.0000,0.1880,0.3073,130.0375,174540.5156,1
0.5480,0.7212,2.9075,-4.0148,1.0000,0.0666,0.3162,0.0000,0.2001,0.3279,127.1848,174496.0116,1
0.5480,0.6974,3.6369,-3.9661,1.0000,0.0716,0.3649,0.0000,0.1662,0.2704,135.1613,174620.4487,1
0.7894,0.4011,3.2119,-9.2375,0.3687,0.2380,0.5183,0.0000,0.1113,0.2964,124.1811,179293.5293,1
0.8067,0.5280,6.5538,-6.9795,0.9256,0.0929,0.4069,0.0000,0.1463,0.2502,100.2088,180300.5443,1
0.7914,0.4156,3.5955,-8.9783,0.4326,0.2213,0.5055,0.0000,0.1153,0.2911,121.4293,179409.1244,1
0.8021,0.4943,5.6647,-7.5802,0.7775,0.1315,0.4365,0.0000,0.1370,0.2625,106.5865,180032.6311,1
0.7921,0.4203,3.7194,-8.8946,0.4532,0.2159,0.5014,0.0000,0.1166,0.2894,120.5411,179446.4354,1
0.7793,0.3265,1.2511,-10.5623,0.0419,0.3231,0.5836,0.0000,0.0907,0.3235,138.2465,178702.6750,1
0.7593,0.6956,8.0085,-6.0433,0.4979,0.0550,0.0622,0.0004,0.1635,0.7541,103.4815,220834.2747,1
0.7674,0.6913,7.5894,-5.8341,0.6027,0.0527,0.0682,0.0003,0.1480,0.7725,103.1631,220649.1065,1
0.7667,0.6917,7.6276,-5.8532,0.5931,0.0529,0.0677,0.0003,0.1495,0.7708,103.1922,220665.9910,1
0.7632,0.6935,7.8085,-5.9434,0.5479,0.0539,0.0651,0.0004,0.1561,0.7629,103.3295,220745.8964,1
0.7737,0.6879,7.2614,-5.6704,0.6847,0.0510,0.0730,0.0003,0.1359,0.7868,102.9140,220504.2168,1
0.7547,0.6980,8.2471,-6.1623,0.4382,0.0563,0.0587,0.0005,0.1723,0.7437,103.6626,220939.6389,1
0.5250,0.5697,5.6599,-7.1110,0.0000,0.2239,0.3253,0.0000,0.3240,0.2427,88.8465,239657.3378,1
0.6158,0.5933,3.4586,-6.3411,0.0000,0.3785,0.1721,0.0000,0.2206,0.4023,120.8387,238501.1205,1
0.6314,0.5974,3.0810,-6.2091,0.0000,0.4051,0.1458,0.0000,0.2028,0.4296,126.3257,238302.8179,1
0.6059,0.5907,3.7005,-6.4257,0.0000,0.3615,0.1890,0.0000,0.2319,0.3847,117.3233,238628.1697,1
0.6652,0.6062,2.2612,-5.9224,0.0000,0.4627,0.0888,0.0000,0.1643,0.4891,138.2410,237872.1890,1
0.6420,0.6002,2.8231,-6.1189,0.0000,0.4232,0.1279,0.0000,0.1907,0.4483,130.0751,238167.3124,1
0.8920,0.5512,9.1915,-7.0923,0.0000,0.0829,0.0848,0.0000,0.6393,0.5488,122.3609,197262.0892,1
0.8846,0.4878,7.7155,-7.8323,0.0000,0.1321,0.0497,0.0000,0.3643,0.3785,132.2005,198374.0189,1
0.8922,0.5530,9.2325,-7.0718,0.0000,0.0815,0.0858,0.0000,0.6470,0.5535,122.0876,197231.2000,1
0.8844,0.4864,7.6841,-7.8481,0.0000,0.1332,0.0490,0.0000,0.3585,0.3749,132.4098,198397.6711,1
0.8947,0.5747,9.7378,-6.8185,0.0000,0.0646,0.0978,0.0000,0.7411,0.6118,118.7191,196850.5438,1
0.8944,0.5726,9.6872,-6.8438,0.0000,0.0663,0.0966,0.0000,0.7317,0.6059,119.0559,196888.6062,1
0.8805,0.5229,5.3916,-7.1262,0.2681,0.1330,0.0623,0.0000,0.1843,0.4279,125.4522,199126.9190,1
0.8803,0.5433,4.8958,-6.7980,0.3507,0.1259,0.0714,0.0000,0.1699,0.4685,121.9018,199192.8589,1
0.8805,0.5154,5.5744,-7.2473,0.2376,0.1356,0.0589,0.0000,0.1896,0.4129,126.7613,199102.6039,1
0.8805,0.5159,5.5622,-7.2392,0.2396,0.1354,0.0591,0.0000,0.1893,0.4139,126.6742,199104.2222,1
0.8791,0.6945,1.2063,-4.3556,0.9656,0.0731,0.1392,0.0000,0.0629,0.7711,95.4812,199683.5637,1
0.8810,0.4600,6.9265,-8.1424,0.0122,0.1549,0.0341,0.0000,0.2289,0.3020,136.4439,198922.7716,1
0.7713,0.7334,10.8499,-4.6364,0.8499,0.3174,0.1791,0.0000,0.1230,0.7460,126.8176,159665.0288,1
0.7716,0.7252,10.8268,-4.7485,0.8268,0.3097,0.1776,0.0000,0.1220,0.7321,126.8249,159657.3269,1
0.7753,0.6367,10.5789,-5.9503,0.5789,0.2278,0.1612,0.0000,0.1120,0.5833,126.9035,159574.7582,1
0.7821,0.4763,10.1296,-8.1280,0.1296,0.0792,0.1316,0.0000,0.0939,0.3137,127.0459,159425.1456,1
0.7791,0.5456,10.3239,-7.1861,0.3239,0.1435,0.1444,0.0000,0.1018,0.4303,126.9843,159489.8590,1
0.7739,0.6706,10.6739,-5.4895,0.6739,0.2592,0.1675,0.0000,0.1159,0.6403,126.8734,159606.4141,1
0.7217,0.6993,9.9520,-7.1640,0.0000,0.0658,0.0478,0.0008,0.2317,0.6463,106.6754,221775.6150,1
0.7283,0.5470,9.5130,-8.3250,0.0000,0.0672,0.1798,0.0004,0.1829,0.4566,122.0431,222338.7743,1
0.7220,0.6925,9.9321,-7.2165,0.0000,0.0659,0.0538,0.0008,0.2295,0.6377,107.3697,221801.0591,1
0.7321,0.4584,9.2575,-9.0008,0.0000,0.0680,0.2566,0.0002,0.1546,0.3463,130.9887,222666.5915,1
0.7261,0.5974,9.6581,-7.9414,0.0000,0.0668,0.1362,0.0006,0.1990,0.5193,116.9648,222152.6775,1
0.7320,0.4608,9.2645,-8.9824,0.0000,0.0680,0.2545,0.0002,0.1554,0.3493,130.7441,222657.6294,1
0.7495,0.6161,6.0000,-5.2203,0.4213,0.1020,0.3454,0.0005,0.1720,0.4718,131.4096,155147.4092,1
0.7577,0.6163,6.0000,-5.2418,0.4580,0.1020,0.3269,0.0005,0.1683,0.4824,131.7032,155269.1028,1
0.8456,0.6183,6.0000,-5.4744,0.8542,0.1020,0.1269,0.0001,0.1279,0.5969,134.8741,156583.3497,1
0.7442,0.6160,6.0000,-5.2063,0.3974,0.1020,0.3574,0.0005,0.1745,0.4649,131.2187,155068.3122,1
0.7302,0.6157,6.0000,-5.1693,0.3344,0.1020,0.3892,0.0006,0.1809,0.4466,130.7144,154859.2680,1
0.8267,0.6178,6.0000,-5.4244,0.7690,0.1020,0.1699,0.0002,0.1366,0.5722,134.1922,156300.7378,1
0.8013,0.5415,6.8499,-6.6530,1.0000,0.0725,0.4010,0.0000,0.1498,0.2491,97.3303,180478.1818,1
0.7979,0.5399,6.7834,-6.6419,1.0000,0.0720,0.4050,0.0000,0.1493,0.2513,97.4732,180497.3228,1
0.6781,0.4855,4.4503,-6.2535,1.0000,0.0558,0.5446,0.0000,0.1315,0.3298,102.4825,181168.4511,1
0.7716,0.5280,6.2723,-6.5568,1.0000,0.0685,0.4355,0.0000,0.1454,0.2685,98.5705,180644.3313,1
0.8038,0.5426,6.8991,-6.6612,1.0000,0.0728,0.3980,0.0000,0.1502,0.2474,97.2247,180464.0389,1
0.7032,0.4969,4.9392,-6.3349,1.0000,0.0592,0.5153,0.0000,0.1352,0.3134,101.4328,181027.8099,1
0.8745,0.6600,1.7244,-4.5430,0.9094,0.1736,0.0364,0.0000,0.1004,0.5463,94.2372,191927.6499,1
0.8161,0.5994,5.4006,-5.2989,0.4499,0.1004,0.0367,0.0000,0.0974,0.6492,105.7119,191438.7229,1
0.8415,0.6257,3.8040,-4.9706,0.6495,0.1322,0.0365,0.0000,0.0987,0.6045,100.7284,191651.0639,1
0.7777,0.5595,7.8197,-5.7963,0.1475,0.0522,0.0369,0.0000,0.0955,0.7170,113.2628,191116.9819,1
0.8010,0.5837,6.3540,-5.4949,0.3307,0.0814,0.0368,0.0000,0.0966,0.6759,108.6880,191311.9118,1
0.8747,0.6603,1.7102,-4.5400,0.9112,0.1739,0.0364,0.0000,0.1004,0.5459,94.1927,191929.5484,1
0.8664,0.6343,9.0000,-3.7159,0.8872,0.1080,0.1353,0.0005,0.0793,0.6262,93.8438,226133.9678,1
0.7381,0.3733,9.0000,-9.5859,0.0143,0.0694,0.3308,0.0000,0.1252,0.2413,139.2616,223047.5161,1
0.7765,0.4513,9.0000,-7.8313,0.2752,0.0810,0.2724,0.0001,0.1115,0.3564,125.6855,223970.1092,1
0.7446,0.3864,9.0000,-9.2901,0.0583,0.0714,0.3209,0.0000,0.1229,0.2607,136.9731,223203.0409,1
0.8471,0.5950,9.0000,-4.5995,0.7558,0.1022,0.1647,0.0004,0.0862,0.5683,100.6806,225669.3615,1
0.7362,0.3694,9.0000,-9.6719,0.0015,0.0689,0.3337,0.0000,0.1259,0.2357,139.9271,223002.2939,1
0.6496,0.6672,0.1987,-5.8601,0.0994,0.3108,0.4838,0.0000,0.0945,0.3332,181.2918,249620.7618,1
0.6160,0.6306,1.7261,-4.9383,0.8631,0.3093,0.5823,0.0000,0.2204,0.2576,176.9479,250395.1535,1
0.6190,0.6338,1.5907,-5.0200,0.7953,0.3094,0.5736,0.0000,0.2092,0.2643,177.3332,250326.4604,1
0.6540,0.6720,0.0007,-5.9796,0.0004,0.3110,0.4710,0.0000,0.0782,0.3430,181.8549,249520.3702,1
0.6531,0.6710,0.0400,-5.9558,0.0200,0.3110,0.4736,0.0000,0.0814,0.3410,181.7432,249540.2887,1
0.6183,0.6330,1.6233,-5.0004,0.8116,0.3094,0.5757,0.0000,0.2119,0.2626,177.2404,250342.9990,1
0.5480,0.7538,1.9072,-4.0816,1.0000,0.0597,0.2494,0.0000,0.2465,0.4067,116.2467,174325.3741,1
0.5480,0.6628,4.7004,-3.8950,1.0000,0.0789,0.4360,0.0000,0.1169,0.1866,146.7914,174801.8843,1
0.5480,0.7026,3.4774,-3.9767,1.0000,0.0705,0.3543,0.0000,0.1737,0.2830,133.4170,174593.2370,1
0.5480,0.7017,3.5077,-3.9747,1.0000,0.0707,0.3563,0.0000,0.1722,0.2806,133.7483,174598.4057,1
0.5480,0.7962,0.6084,-4.1684,1.0000,0.0507,0.1626,0.0000,0.3068,0.5091,102.0428,174103.7867,1
0.5480,0.8008,0.4667,-4.1778,1.0000,0.0497,0.1532,0.0000,0.3133,0.5202,100.4941,174079.6263,1
0.6455,0.5778,5.5587,-5.8679,0.1103,0.1410,0.0664,0.0000,0.4244,0.4613,118.1953,163304.0500,1
0.7145,0.5126,4.3159,-6.5772,0.4210,0.1213,0.1064,0.0000,0.3240,0.4734,122.3080,162369.1612,1
0.7985,0.4331,2.8012,-7.4417,0.7997,0.0972,0.1552,0.0000,0.2017,0.4882,127.3208,161229.6653,1
0.7604,0.4691,3.4880,-7.0497,0.6280,0.1081,0.1331,0.0000,0.2572,0.4815,125.0477,161746.3703,1
0.8232,0.4098,2.3573,-7.6950,0.9107,0.0902,0.1695,0.0000,0.1659,0.4925,128.7895,160895.8140,1
0.6517,0.5720,5.4471,-5.9315,0.1382,0.1392,0.0700,0.0000,0.4154,0.4624,118.5645,163220.1148,1
0.4282,0.5937,6.4703,-7.3391,0.4703,0.1241,0.2620,0.0000,0.2134,0.2782,115.1206,240433.7878,1
0.4279,0.5939,6.4721,-7.3395,0.4721,0.1238,0.2617,0.0000,0.2129,0.2784,115.2361,240436.0004,1
0.4591,0.5834,6.2950,-7.2984,0.2950,0.1524,0.2944,0.0000,0.2606,0.2558,103.4821,240210.9219,1
0.4531,0.5854,6.3291,-7.3063,0.3291,0.1469,0.2881,0.0000,0.2514,0.2601,105.7458,240254.2699,1
0.3374,0.6242,6.9862,-7.4588,0.9862,0.0408,0.1665,0.0000,0.0745,0.3442,149.3642,241089.5211,1
0.4138,0.5986,6.5521,-7.3581,0.5521,0.1109,0.2469,0.0000,0.1914,0.2887,120.5476,240537.7096,1
0.5026,0.5688,6.0475,-7.2410,0.0475,0.1923,0.3402,0.0000,0.3272,0.2241,87.0573,239896.4024,1
0.4768,0.5775,6.1942,-7.2750,0.1942,0.1687,0.3131,0.0000,0.2877,0.2429,96.7895,240082.7648,1
0.4295,0.5933,6.4630,-7.3374,0.4630,0.1253,0.2634,0.0000,0.2154,0.2773,114.6323,240424.4366,1
0.5107,0.5661,6.0017,-7.2304,0.0017,0.1997,0.3487,0.0000,0.3395,0.2182,84.0191,239838.2226,1
0.4513,0.5860,6.3392,-7.3087,0.3392,0.1452,0.2862,0.0000,0.2487,0.2614,106.4199,240267.1767,1
0.4820,0.5757,6.1651,-7.2683,0.1651,0.1734,0.3185,0.0000,0.2956,0.2391,94.8582,240045.7809,1
